target	smiles	pActivity
ADRB2	COc2ccc(CC[C@H](C)NC[C@@H](O)COc1ccc(O)cc1)cc2	10.0
ADRB2	O[C@@H](CNCCc2ccc(NS(=O)(=O)c1ccccc1)cc2)COc3ccccc3	9.0
ADRB2	O[C@@H](CNCCc2ccc(Nc1ccccc1)cc2)COc3ccccc3	7.25
ADRB2	O[C@@H](CNCCc2ccc(NC(=O)c1ccccc1)cc2)COc3ccccc3	6.37
ADRB2	O[C@@H](CNCCc2ccc(NC(=O)Oc1ccccc1)cc2)COc3ccccc3	8.82
ADRB2	O[C@@H](CNCCc2ccc(NC(=O)Nc1ccccc1)cc2)COc3ccccc3	8.64
ADRB2	O[C@@H](CNCCc2ccc(NC(=S)Nc1ccccc1)cc2)COc3ccccc3	10.7
ADRB2	COc3ccc(CC(C)(C)NC[C@H](O)COc1cccc2[nH]c(=O)[nH]c12)cc3	9.4
ADRB2	CC(C)(Cc2cccc(CC(=O)NCc1ccccc1)c2)NC[C@H](O)c3ccc(O)c(CO)c3	10.29
ADRB2	COc1ccccc1CNC(=O)c4cc3cc(C[C@@H](C)NC[C@H](O)c2ccc(O)c(CO)c2)ccc3[nH]4	9.6
ADRB2	CC(C)(Cc1ccc(N=N#N)cc1)NCC(O)COc3ccc(I)c4[nH]c2ccccc2c34	10.51
ADRB2	C[C@H](Cc3ccc2[nH]c(C(=O)NCc1nccs1)cc2c3)NC[C@H](O)c4ccc(O)c(CO)c4	10.42
ADRB2	O[C@@H](CN[C@@H]1CCC[C@H]1OCc2ccccc2)c3ccc(O)c4[nH]c(=O)sc34	10.7
ADRB2	C[C@H](Cc3ccc2[nH]c(C(=O)NCc1ccccn1)cc2c3)NC[C@H](O)c4ccc(O)c(CO)c4	9.3
ADRB2	C[C@H](Cc3ccc2[nH]c(C(=O)NCC1CCC1)cc2c3)NC[C@H](O)c4ccc(O)c(CO)c4	8.92
ADRB2	CC(C)(C)NC[C@H](O)COc1cccc2[nH]c(O)nc12	9.7
ADRB2	CC(C)(Cc1ccc(O)cc1)NCC(O)c3ccc(O)c2NC(=O)COc23	9.0
ADRB2	OC(COc2cccc3[nH]c1ccccc1c23)CN5CCC(Cc4cccnc4)CC5	8.9
ADRB2	CC(C)NCC(O)COc2cccc3[nH]c1ccccc1c23	9.94
ADRB2	OCc3cc([C@@H](O)CNCCCCCCOCCOCc1cccc2ccccc12)ccc3O	9.51
ADRB2	CC(C)(C)NCC(O)COc2cccc3oc1ccccc1c23	9.84
ADRB2	COc5ccc(CC4CCN(CC(O)COc2cccc3[nH]c1ccccc1c23)CC4)cc5	8.52
ADRB2	OC(COc2cccc3[nH]c1ccccc1c23)CN5CCC(C(=O)c4ccccc4)CC5	9.0
ADRB2	OCc3cc([C@@H](O)CNCCCCCCOCCCCc2cccc(S(=O)(=O)NC1CCCCC1)c2)ccc3O	8.89
ADRB2	CS(=O)(=O)Nc2cccc(COCCOCCCCCCNC[C@H](O)c1ccc(O)c(CO)c1)c2	9.1
ADRB2	COc4cccc(CCNC(=O)c3cc2cc(C[C@@H](C)NC[C@H](O)c1ccc(O)c(CO)c1)ccc2[nH]3)c4	9.2
ADRB2	CN(CCCNC[C@H](O)c1ccc(O)c2[nH]c(=O)sc12)c3ccccc3	10.0
ADRB2	COc3ccc(C[C@@H](C)NC[C@H](O)c1ccc(O)c2[nH]c(=O)ccc12)cc3	8.77
ADRB2	Cc4c[nH]c5cccc(OCC(O)CN3CCN(C(c1ccccc1)c2ccccc2)CC3)c45	8.92
ADRB2	CC(C)NCC(O)COc1ccccc1C2CC2	9.12
ADRB2	CC(C)NCC(O)COc1cccc2[nH]ccc12	8.5
ADRB2	COc2ccc(C[C@@H](C)NC[C@H](O)c1ccc(O)c(NC=O)c1)cc2	8.3
ADRB2	CC(C)(Cc1ccccc1)NC[C@H](O)c2ccc(O)c3[nH]c(=O)sc23	6.66
ADRB2	CC(C)(NC(=O)CBr)C3CCC(C)(NCC(O)COc1cccc2[nH]ccc12)CC3	9.6
ADRB2	Nc5nc(N1CCNCC1)c4CCC3=C([C@@H]2CCCC[C@@H]2O3)c4n5	9.9
ADRB2	O[C@@H](CN[C@@H]1CCC[C@@H]1C2CCCC2)c3ccc(O)c4[nH]c(=O)sc34	8.92
ADRB2	CC(C)NC(C)C(O)COc2ccc(C)c1CCCc12	9.7
ADRB2	CC(C)NCC(O)COc1cccc2ccccc12	10.0
ADRB2	O[C@@H](CNC2Cc1ccccc1C2)c3ccc(O)c4[nH]c(=O)ccc34	9.7
ADRB2	COc3c(I)cc(CC1NCCc2nc(N)sc12)cc3I	9.0
ADRB2	C[C@@H](NC[C@H](O)c1ccc(O)c2[nH]c(=O)sc12)C3CCCCC3	8.92
ADRB2	OCc3cc([C@@H](O)CNCCCCCCOCCCCc2cccc(S(=O)(=O)N1CCCCC1)c2)ccc3O	9.4
ADRB2	CN4CCN(CC(=O)NCCCC(=O)Nc3ccc(CC(C)(C)NCC(O)c1ccc(O)c2NC(=O)COc12)cc3)CC4	9.3
ADRB2	CC(C)c1ccccc1OCC(O)CN2CCOCC2	9.22
ADRB2	O[C@@H](CNCCCc1ccccc1)c2ccc(O)c3[nH]c(=O)sc23	9.52
ADRB2	CC(C)(NCC(O)COc1cccc2[nH]c(C#N)cc12)C3CCC(C)(NC(=O)CBr)CC3	10.5
ADRB2	OCc3cc([C@@H](O)CNCCCCCCOCCCCc2cccc(S(=O)(=O)N1CCOCC1)c2)ccc3O	8.6
ADRB2	CC(C)(NC(=O)CBr)C2CCC(C)(NCC(O)COc1ccccc1CC=C)CC2	9.52
ADRB2	C[C@H](Cc1c[nH]c2c(OS(C)(=O)=O)cccc12)NC[C@H](O)c3cccc(NCC(C)=C)c3	9.89
ADRB2	CC(C)(Cc2ccc(c1ccccc1)cc2)NCC(O)c4ccc(O)c3NC(=O)COc34	9.18
ADRB2	O[C@@H](CNCCCCc1ccccc1)c2ccc(O)c3[nH]c(=O)sc23	9.62
ADRB2	CC(C)(C)CC(C)(C)NC[C@H](O)c1ccc(O)c2[nH]c(=O)sc12	9.27
ADRB2	CNCCCN2c1ccccc1CCc3ccccc23	9.22
ADRB2	CC(C)(Cc2ccc(Oc1ccc(C(N)=O)cn1)cc2)NC[C@H](O)COc4cccc5[nH]c(=O)n(CCC3CCCC3)c45	9.26
ADRB2	CN2CCC(NCC(O)COc1ccccc1CC=C)CC2	9.42
ADRB2	NS(=O)(=O)c2cccc(CCCOCCCCCCCNC[C@H](O)c1ccc(O)c(CO)c1)c2	8.95
ADRB2	C[C@@H](NC[C@H](O)c1ccc(O)c2[nH]c(=O)sc12)c4ccc3ccccc3c4	9.12
ADRB2	COc1ccccc1N4CCN(CCCN2C(=O)CSc3c(OCC(O)CNC(C)(C)C)cccc23)CC4	9.17
ADRB2	CC(C)(NCC(O)COc1ccccc1CC=C)C2CCC(C)(NC(=O)CBr)CC2	9.8
ADRB2	CCOC(=O)COc2ccc(C[C@@H](C)NC[C@H](O)c1cc(Br)no1)cc2	9.31
ADRB2	COc3ccc(CCNCC(O)COc1cccc2[nH]ccc12)cc3OC	9.5
ADRB2	OC(COc2cccc3[nH]c1ccccc1c23)CN7CCC(Cn4c(=O)c6cccc5cccc(c4=O)c56)CC7	8.43
ADRB2	O[C@@H](CNCCSc1ccc(Cl)cc1)c2ccc(O)c3[nH]c(=O)sc23	9.34
ADRB2	CC(C)(Cc1ccccc1)NCC(O)c2ccc(O)c3nc(O)ccc23	9.1
ADRB2	O[C@@H](CNCCc2cccc(OCCCOc1ccccc1)c2)c3ccc(O)c(NC=O)c3	7.3
ADRB2	OC(CNc1ccccc1)CON=C(C2CC2)C3CC3	9.13
ADRB2	OC(CNc2nc1ccccc1s2)CON=C(C3CC3)C4CC4	8.76
ADRB2	COc3cc(CC1NCCc2cc(O)c(O)cc12)cc(OC)c3OC	10.52
ADRB2	CC1(C)[C@@H]4CC[C@@]1(C)[C@@H](NC[C@H](O)c2ccc(O)c3[nH]c(=O)sc23)C4	9.49
ADRB2	CCCCCCCCNC(=O)Nc3ccc(S(=O)(=O)N2CCC(CNC[C@H](O)COc1ccc(O)cc1)CC2)cc3	6.82
ADRB2	O[C@@H](CNC1CCCC1C2CCCCC2)c3ccc(O)c4[nH]c(=O)sc34	10.0
ADRB2	CCCNCC(O)COc3ccc2c(=O)cc(c1ccccc1)oc2c3	9.26
ADRB2	CCOC(=O)c2oc1cccc(OCC(O)CNC(C)(C)C)c1c2C	9.32
ADRB2	CC(C)(Cc2ccc1ccccc1c2)NC[C@@H](O)COc3cccc(Cl)c3C#N	8.58
ADRB2	O[C@@H](CNCCOc1ccccc1)c2ccc(O)c3[nH]c(=O)sc23	8.34
ADRB2	OC(CNc2ccc(c1ccccc1)cc2)CON=C(C3CC3)C4CC4	8.22
ADRB2	CS(=O)(=O)Nc3cc([C@@H](O)CNCC2CCN(c1ccc(C(=O)N[C@@H](CC(O)=O)C(O)=O)cc1)CC2)ccc3O	7.43
ADRB2	CNCC(O)c1ccc(O)c2nc(O)sc12	9.49
ADRB2	O[C@@H](CNCCc2ccc(OCCCc1ccccc1)cc2)c3ccc(O)c(NC=O)c3	9.45
ADRB2	OC[C@H]4O[C@@H](n2cnc3c(NCCCCCCNCC(O)c1ccc(O)c(NC=O)c1)ncnc23)[C@H](O)[C@@H]4O	8.31
ADRB2	CC(C)S(=O)(=O)Oc3cccc4c(C[C@@H](C)NC[C@H](O)c2cccc(NS(=O)(=O)c1cccs1)c2)c[nH]c34	8.66
ADRB2	CC(CCc1ccc(O)cc1)NCC(O)c2ccc(O)cc2	9.08
ADRB2	O[C@@H](CNC2CCN(CCN1CCCCCC1)CC2)c3ccc(O)c4[nH]c(=O)sc34	9.55
ADRB2	C[C@H](Cc2c[nH]c3c(OCc1ccccc1)cccc23)NC[C@H](O)c5cccc(NS(=O)(=O)c4cccs4)c5	8.3
ADRB2	O[C@@H](CNC23CC1CC(CC(C1)C2)C3)COc4cccc5[nH]ccc45	8.0
ADRB2	CN(C)C(=N)Nc5nc(=O)c(=C/c4ccc(N3CCC(NC[C@H](O)COc1cccc2[nH]c(O)nc12)CC3)cc4)/s5	7.29
ADRB2	O[C@@H](CN[C@@H]1CCCC[C@H]1OCc2ccccc2)c3ccc(O)c4[nH]c(=O)sc34	8.4
ADRB2	C[C@H](Cc1c[nH]c2c(OS(C)(=O)=O)cccc12)NC[C@H](O)c5cccc(NCc4ccc3ccccc3c4)c5	8.14
ADRB2	O[C@@H](CNCCc2ccc(OCCc1ccccc1)cc2)c3ccc(O)c(NC=O)c3	8.12
ADRB2	NS(=O)(=O)c2cccc(CCCCCOCCCCCNC[C@H](O)c1ccc(O)c(CO)c1)c2	8.11
ADRB2	O[C@@H](CNCCc2cccc(OCCCCc1ccccc1)c2)c3ccc(O)c(NC=O)c3	8.23
ADRB2	CC(CCCCCNC(=O)OCc1ccccc1)NCC(O)c2ccc(O)c(O)c2	8.04
ADRB2	CC(C)N[C@@H]1CCn2c(=O)[nH]c3cccc([C@H]1O)c23	8.07
ADRB2	CC(C)c1ccccc1OCC(O)CN3CCC(CN2C(=O)CCCC2=O)CC3	8.48
ADRB2	CNCCC=C2c1ccccc1CCc3ccccc23	8.21
ADRB2	O[C@@H](CNCCc2ccc(OCCCCc1ccccc1)cc2)c3ccc(O)c(NC=O)c3	8.18
ADRB2	O[C@@H](CN[C@@H]1CCCc2ccccc12)c3ccc(O)c4[nH]c(=O)sc34	8.62
ADRB2	CS(=O)(=O)Nc4cc([C@@H](O)CNCC3CCN(S(=O)(=O)c2ccc(n1cc(C(O)=O)cn1)cc2)CC3)ccc4O	8.55
ADRB2	O[C@@H](CNCCOc2ccc(c1cscn1)cc2)c3cccnc3	8.18
ADRB2	O[C@@H](CNCCOc2ccc(c1cocn1)cc2)c3cccnc3	8.0
ADRB2	O[C@@H](CNCCc2ccc(NC(=S)NCCc1ccccc1)cc2)COc3ccccc3	8.0
ADRB2	O[C@@H](CNCCc3ccc(OC2Cc1ccccc1C2)cc3)c4ccc(O)c(NC=O)c4	8.6
ADRB2	O[C@@H](CNC1CCCCCC1)c2ccc(O)c3[nH]c(=O)sc23	8.1
ADRB2	CCOc1non(=O)c1S(=O)(=O)c2ccccc2	6.21
ADRB2	C[C@H](Cc1c[nH]c2c(OS(C)(=O)=O)cccc12)NC[C@H](O)c4cccc(NC/C=C/c3ccccc3)c4	6.48
ADRB2	C[C@H](Cc1c[nH]c2c(S(C)(=O)=O)cccc12)NC[C@H](O)c4cccc(NS(=O)(=O)c3cccc(N)c3)c4	6.5
ADRB2	CC(C)c1ccccc1OCC(O)CN5CCC(n2c(=O)c4cccc3cccc(c2=O)c34)CC5	6.75
ADRB2	OC(CNc2nc1ccccc1[nH]2)CON=C(C3CC3)C4CC4	8.37
ADRB2	CC(Cc3ccc(Oc1non(=O)c1S(=O)(=O)c2ccccc2)cc3)NCC(O)c4cc(O)cc(O)c4	8.52
ADRB2	C[C@H](Cc1c[nH]c2c(OS(C)(=O)=O)cccc12)NC[C@H](O)c4cccc(NCc3ccccc3)c4	8.05
ADRB2	CC(C)c1ccccc1OCC(O)CN4CCC(Cn3c(=O)c2ccccc2c3=O)CC4	8.62
ADRB2	OCCCCN4CCN(C2CC(c1ccc(F)cc1)c3ccc(F)cc23)CC4	8.3
ADRB2	Cc2onc(c1ccccc1)c2CNC[C@H](O)c3ccc(O)c4[nH]c(=O)sc34	8.72
ADRB2	CS(=O)(=O)Nc4cc([C@@H](O)CNC3CCN(c2ccc(C(=O)N1CCC[C@H]1C(O)=O)cc2)CC3)ccc4O	8.03
ADRB2	CC(C)(C)NCC(O)CON=c2c1ccccc1c3ccccc23	8.74
ADRB2	O[C@@H](CNCCc2ccc(NS(=O)(=O)Cc1ccccc1)cc2)COc3ccc(O)cc3	8.14
ADRB2	CC(C)(C)NCC(O)COc2cccc1NC(=O)CSc12	8.42
ADRB2	Cc3ccnc(NCC(O)CON=C(C1CC1)C2CC2)c3	8.4
ADRB2	COc3ccc([C@H](Cc1ccccc1)NC[C@@H](O)Cc2ccc(O)c(NS(C)(=O)=O)c2)cc3OC	8.2
ADRB2	COc3ccc([C@H](CCc1cccc(Cl)c1)NC[C@H](O)Cc2ccc(O)c(NS(C)(=O)=O)c2)cc3OC	8.36
ADRB2	O[C@@H](CNCC23CC1CC(CC(C1)C2)C3)c4ccc(O)c5[nH]c(=O)sc45	8.52
ADRB2	CC(Cc3ccc(NC(=O)Cc1nccn1Cc2ccccc2)cc3)NC[C@H](O)COc4ccccc4	8.57
ADRB2	Nc3ccc(OC[C@@H](O)CNCCc2ccc(NS(=O)(=O)c1ccc(I)cc1)cc2)cn3	7.27
ADRB2	CC(Cc2ccc(OCc1nonc1C(N)=O)cc2)NCC(O)c3cc(O)cc(O)c3	7.4
ADRB2	O[C@@H](CNCCc2ccc(NC(/Nc1ccccc1)=N/C#N)cc2)COc3ccccc3	7.36
ADRB2	O[C@@H](CNCCc2ccc(NC(=S)NC1CCCCC1)cc2)COc3ccccc3	5.33
ADRB2	O[C@@H](CNCCc2ccc(NC(=S)NCc1ccccc1)cc2)COc3ccccc3	7.38
ADRB2	OC[C@H]4O[C@@H](n2cnc3c(NCCCCNCC(O)c1ccc(O)c(NC=O)c1)ncnc23)[C@H](O)[C@@H]4O	7.28
ADRB2	OC(CNc1ccncc1)CON=C(C2CC2)C3CC3	7.4
ADRB2	COC13CCCCC1c2ccccc2\C3=N\OCC(O)CNC(C)(C)C	4.94
ADRB2	COC13CCCCCC1c2ccccc2\C3=N\OCC(O)CNC(C)C	7.55
ADRB2	CC(C)(Cc2ccc(Oc1ccc(C(N)=O)cn1)cc2)NC[C@H](O)COc5cccc4NC(=O)C3(CC3)c45	7.7
ADRB2	O[C@@H](CNCCc2ccc(Oc1ccccc1)cc2)c3ccc(O)c(NC=O)c3	7.68
ADRB2	CCCCCCNC(=O)Nc4ccc(S(=O)(=O)Nc3ccc(CC1NCCc2cc(O)c(O)cc12)cc3)cc4	7.4
ADRB2	COc3cc4cccc5c(=O)n(CC2CCN(CC(O)COc1ccccc1C(C)C)CC2)c(=O)c(c3)c45	7.3
ADRB2	CC(Cc3ccc(Oc1nonc1S(=O)(=O)c2ccccc2)cc3)NCC(O)c4cc(O)cc(O)c4	7.44
ADRB2	O[C@@H](CNCCc3ccc(NC(/NC#N)=N/c2cccc(Oc1ccccc1)c2)cc3)c4cccnc4	6.7
ADRB2	OC(CNCCOc2ccc(n1ccnc1)cc2)COc3ccccc3	7.89
ADRB2	CS(=O)(=O)Nc3cc([C@@H](O)CNC2CCN(c1ccc(C(=O)NCC(O)=O)cc1)CC2)ccc3O	7.34
ADRB2	O=S(=O)(Nc1ccccc1)c5ccc4N(c3noc(CCCC2CCCC2)n3)CCc4c5	7.8
ADRB2	OC(CNCc1ccccc1F)COc2cccc3[nH]ccc23	7.45
ADRB2	C[C@H](Cc1c[nH]c2c(OS(C)(=O)=O)cccc12)NC[C@H](O)c4cccc(OCc3ccccc3)c4	7.94
ADRB2	CC(CCCCNC(=O)OCc1ccccc1)NCC(O)c2ccc(O)c(O)c2	7.89
ADRB2	O[C@@H](CNCCc3ccc(NC(/NC#N)=N/c2ccc1ccccc1c2)cc3)c4cccnc4	7.7
ADRB2	O[C@H](CNCCc2ccc(S(=O)(=O)Nc1ccccc1)cc2)COc3ccccc3	7.22
ADRB2	CCCCCCc4nc(N2CCc3cc(S(=O)(=O)Nc1ccccc1)ccc23)no4	7.62
ADRB2	OC(COc2cccc3[nH]c1ccccc1c23)CN7CCC(n4c(=O)c6cccc5cccc(c4=O)c56)CC7	7.58
ADRB2	O[C@@H](CNCCc3ccc(NC(=O)c2ccc(c1ccccc1)cc2)cc3)c4cccnc4	7.45
ADRB2	Cn4c(=O)cnn(CCCCN3CCN(c1cccc2ccc(O[11CH3])cc12)CC3)c4=O	7.57
ADRB2	CC(C)N[C@@H]2CCc1c(O)c(O)ccc1[C@H]2O	7.3
ADRB2	CCCCCCCCc4cccc(N2CCc3cc(S(=O)(=O)Nc1ccccc1)ccc23)n4	7.52
ADRB2	CN(C)CC/C=C2/c1ccccc1COc3ccccc23	7.52
ADRB2	O[C@@H](CNCCc2ccc(NC(/NC#N)=N/c1cccc(I)c1)cc2)c3cccnc3	7.52
ADRB2	C[C@H](Cc1c[nH]c2c(OS(C)(=O)=O)cccc12)NC[C@H](O)c4cccc(NC(=O)c3ccccc3)c4	8.0
ADRB2	CC(C)c1ccccc1OCC(O)CN5CCN(CCn2c(=O)c4cccc3cccc(c2=O)c34)CC5	7.22
ADRB2	O[C@@H](CNCCc3ccc(NC2CCN(C(=O)NC1CCCCC1)CC2)cc3)COc4ccc(O)cc4	7.89
ADRB2	COc1ccccc1N4CCN(CC(O)COc3cccc2NC(=O)CSc23)CC4	7.42
ADRB2	CC(C)NCC(O)COc2ccc(CCOCC1CC1)cc2	7.77
ADRB2	O[C@@H](CNCCc3ccc(NC(=O)c2ccc(CCc1ccccc1)cc2)cc3)c4cccnc4	7.24
ADRB2	O[C@@H](CNCCc3ccc(NS(=O)(=O)c2ccc(NC(=O)c1ccccc1)cc2)cc3)COc4ccc(O)cc4	7.58
ADRB2	CC(Cc2ccc(OCc1non(=O)c1C(N)=O)cc2)NCC(O)c3cc(O)cc(O)c3	7.7
ADRB2	O[C@@H](CNCCc2ccc(NS(=O)(=O)CCc1ccccc1)cc2)COc3ccc(O)cc3	7.93
ADRB2	OC(COc1cccc2[nH]ccc12)CN6CCC(Cn3c(=O)c5cccc4cccc(c3=O)c45)CC6	7.5
ADRB2	O[C@@H](CNCCc3ccc(NS(=O)(=O)c2ccc(NC(=O)OCc1ccccc1)cc2)cc3)COc4ccc(O)cc4	6.35
ADRB2	O[C@@H](CNCCc2ccc(NS(=O)(=O)CCCc1ccccc1)cc2)COc3ccc(O)cc3	6.75
ADRB2	CS(=O)(=O)Nc3ccc(C(=O)NCCNCC(O)COc1cccc2ccccc12)cc3	6.47
ADRB2	C[C@H](Cc1ncc(CCCCC(O)=O)s1)NC[C@H](O)COc2ccccc2	6.34
ADRB2	O[C@@H](CNC1CCCCC1C2CCCCC2)c3ccc(O)c4[nH]c(=O)sc34	7.2
ADRB2	OC[C@H]4O[C@@H](n2cnc3c(NCCOCCOCCNCC(O)c1ccc(O)c(NC=O)c1)ncnc23)[C@H](O)[C@@H]4O	5.82
ADRB2	CCCCCCCCc4cnc(N2CCc3cc(S(=O)(=O)Nc1ccccc1)ccc23)o4	6.32
ADRB2	O[C@@H](CNCCc3ccc(NS(=O)(=O)c2ccc(NC(=O)NCCc1ccccc1)cc2)cc3)c4cccnc4	6.31
ADRB2	O[C@@H](CNCCc3ccc(N\C(Nc2cccc(Oc1ccccc1)c2)=C/N(=O)=O)cc3)c4cccnc4	6.5
ADRB2	O[C@@H](CNCCc3ccc(NS(=O)(=O)c2cnc1ccccc1c2)cc3)COc4ccc(O)cc4	6.57
ADRB2	C[C@H](Cc1cccc2ccccc12)NC[C@H](O)c3cc(O)cc(O)c3	6.39
ADRB2	Cc3cn1c(C)cnc1c(N2CCNCC2)n3	6.7
ADRB2	C[C@H](NCCc2ccc(N(CC(O)=O)Cc1ccccc1)cc2)[C@H](O)c3ccc(O)cc3	6.42
ADRB2	CCCO/N=C/C(O)CNC(C)(C)C	6.92
ADRB2	CCCCCCCCc4ncc(c3ccc(S(=O)(=O)Nc2ccc(CCNC[C@H](O)c1cccnc1)cc2)cc3)o4	7.17
ADRB2	CS(=O)(=O)NC(=O)c3ccc(c2ccc(CCNC[C@H](O)c1cnccc1N)cc2)cc3OC4CCCCC4	6.62
ADRB2	OC(CNCCOc2ccc(n1ccnc1)cc2)CONC(C3CC3)C4CC4	6.89
ADRB2	CCCCCCNC(=O)Nc4ccc(S(=O)(=O)Nc3ccc(OCC1NCCc2cc(O)c(O)cc12)cc3)cc4	6.66
ADRB2	O[C@@H](CNCCc4ccc(NS(=O)(=O)c3ccc(c2cnc(CCCC1CCCC1)o2)cc3)cc4)c5cccnc5	6.89
ADRB2	CCCCCCCCn4ccn(c3ccc(S(=O)(=O)Nc2ccc(CCNC[C@H](O)c1cccnc1)cc2)cc3)c4=O	6.96
ADRB2	CCCCCCCCc3csc(Nc2ccc(S(=O)(=O)Nc1ccccc1)cc2)n3	6.43
ADRB2	O[C@@H](CNCCc3ccc(N\C(Nc1cccc2ccccc12)=C/N(=O)=O)cc3)c4cccnc4	6.4
ADRB2	O[C@@H](CNCCc4ccc(NS(=O)(=O)c3ccc(n2ncc(Cc1cccc(F)c1)n2)cc3)cc4)c5cccnc5	6.82
ADRB2	CCCCCCCCN4CCN(c3ccc(S(=O)(=O)Nc2ccc(CCNC[C@H](O)c1cccnc1)cc2)cc3)C4=O	6.42
ADRB2	NC(=O)c3cccc(NC(/NC#N)=N/c2ccc(CCNC[C@H](O)c1cccnc1)cc2)c3	6.48
ADRB2	O[C@@H](CNCCc3ccc(NC(=O)c2cccc(c1ccccc1)c2)cc3)c4cccnc4	6.31
ADRB2	O[C@@H](CNCCc3ccc(NC(=O)c2cccc(c1ncc[nH]1)c2)cc3)c4cccnc4	6.52
ADRB2	O[C@@H](CNCCc3ccc(NC(=O)c2cccc(CCc1ccccc1)c2)cc3)c4cccnc4	6.48
ADRB2	CCCCCCCCNC(=O)Nc3ccc(S(=O)(=O)Nc2ccc(CCNC[C@H](O)c1cccnc1)cc2)cc3	6.42
ADRB2	OC(CNCCNC(=O)c2ccc(n1ccnc1)cc2)COc3cccc4ccccc34	7.16
ADRB2	O=S(=O)(Nc1ccccc1)c5ccc4N(c3cccc(CCCC2CCCC2)n3)CCc4c5	6.62
ADRB2	CCCCCCc4cccc(N2CCc3cc(S(=O)(=O)Nc1ccccc1)ccc23)c4	6.62
ADRB2	CS(=O)(=O)Nc4cc([C@@H](O)CNC3CCN(c2ccc(C(=O)N[C@@H](Cc1ccccc1)C(O)=O)cc2)CC3)ccc4O	6.3
ADRB2	O[C@@H](CNCCc4ccc(NS(=O)(=O)c3ccc(c2noc(COc1ccc(F)cc1)n2)cc3)cc4)c5cccnc5	6.3
ADRB2	O[C@@H](CNCCc3ccc(NS(=O)(=O)c2cnc1ccccc1c2)cc3)COc4cccnc4	6.54
ADRB2	O[C@@H](CNCCOc3ccc(c2csc(c1ccccc1)n2)cc3)c4cccnc4	6.4
ADRB2	Cc4ccc3c(OCCN2CCC(Cc1cccc(NS(C)(=O)=O)c1)CC2)cccc3n4	6.4
ADRB2	CCCCCCc4csc(N2CCc3cc(S(=O)(=O)Nc1ccccc1)ccc23)n4	6.4
ADRB2	CCCCCCCCc4ccnc(N2CCc3cc(S(=O)(=O)Nc1ccccc1)ccc23)n4	7.0
ADRB2	O[C@@H](CNCCc3ccc(NC(/NC#N)=N/c1cccc2ccccc12)cc3)c4cccnc4	6.92
ADRB2	CCCCCCCCn4nnn(c3ccc(S(=O)(=O)Nc2ccc(CCNC[C@H](O)c1cccnc1)cc2)cc3)c4=O	7.16
ADRB2	CC(C)Nc3cc(c2ccc(CCNC[C@H](O)c1ccccc1)cc2)ccc3C(O)=O	6.82
ADRB2	O[C@@H](CNCCc3ccc(NC(=O)c1cccc2ccnn12)cc3)c4cccnc4	7.9
ADRB2	O[C@@H](CNCCc3ccc(NC(=O)c2cccc(CCn1cccc1)c2)cc3)c4cccnc4	6.62
ADRB2	CCCCCCc4csc(c3ccc(S(=O)(=O)Nc2ccc(CCNC[C@H](O)c1cccnc1)cc2)cc3)n4	6.62
ADRB2	O[C@@H](CNC3CCN(c2ccc(CC1SC(=O)NC1=O)cc2)CC3)c5ccc(O)c(NS(=O)(=O)c4ccccc4)c5	8.8
ADRB2	COc1ccccc1N3CCNC(CNC(=O)c2ccc(NS(C)(=O)=O)cc2)C3	6.64
ADRB2	O[C@@H](CNCCc3ccc(NS(=O)(=O)c2ccc1ccccc1c2)cc3)COc4ccc(O)cc4	6.62
ADRB2	O[C@@H](CNCCc4ccc(NS(=O)(=O)c3ccc(c2coc(Cc1ccc(F)c(F)c1)n2)cc3)cc4)c5cccnc5	6.21
ADRB2	CCCCCCCCNC(=O)N2CCc3cc(S(=O)(=O)Nc1ccccc1)ccc23	6.05
ADRB2	O[C@@H](CNCCc4ccc(NS(=O)(=O)c3ccc(c2noc(CCCC1CCCCC1)n2)cc3)cc4)c5cccnc5	6.28
ADRB2	O[C@@H](CNCCc4ccc(NS(=O)(=O)c3ccc(c2noc(Cc1cccc(F)c1)n2)cc3)cc4)c5cccnc5	6.29
ADRB2	COc5ccc(OCC(O)CNC4CCN(c2ncnc3scc(c1ccccc1)c23)CC4)cc5	6.2
ADRB2	CCCCCCCCn4cnn(c3ccc(S(=O)(=O)Nc2ccc(CCNC[C@H](O)c1cccnc1)cc2)cc3)c4=O	6.18
ADRB2	O[C@@H](CNCCc4ccc(NS(=O)(=O)c3ccc(c2nc(c1cccc(F)c1F)cs2)cc3)cc4)c5cccnc5	6.02
ADRB2	CCN(CC)C(=O)[C@H]2CN(C)C1Cc3c[nH]c4cccc(C1=C2)c34	6.2
ADRB2	COc1ccccc1N4CCN(CCC(O)c2csc3ccccc23)CC4	6.09
ADRB2	O[C@@H](CNCCc4ccc(NS(=O)(=O)c3ccc(n2ccn(CCCC1CCCC1)c2=O)cc3)cc4)c5cccnc5	6.24
ADRB2	O[C@@H](CNCCc4ccc(NS(=O)(=O)c3ccc(N2CCN(CCCC1CCCC1)C2=O)cc3)cc4)c5cccnc5	6.04
ADRB2	COc4cc(c3ccc(CC1NCCc2cc(O)c(O)cc12)cc3)cc(OC)c4OC	6.24
ADRB2	Cc1ccccc1OCC(O)CNCc3ccc(n2ccnc2)cc3	6.2
ADRB2	O[C@@H](CNCCc3ccc(NS(=O)(=O)c2ccc(NC(=O)OCCc1ccccc1)cc2)cc3)c4cccnc4	6.14
ADRB2	O=S(=O)(Nc1ccccc1)c5ccc4N(c3nc(CCCC2CCCC2)cs3)CCc4c5	6.16
ADRB2	O[C@@H](CNCCc4ccc(NS(=O)(=O)c3ccc(c2nc(CCc1ccccc1)cs2)cc3)cc4)c5cccnc5	5.82
ADRB2	CCCCOc3ccc(S(=O)(=O)N2CC(NC[C@H](O)c1ccc(O)cc1)C2)cc3	6.12
ADRB2	O[C@@H](CNCCc4ccc(NS(=O)(=O)c3ccc(c2noc(CCCC1CCCC1)n2)cc3)cc4)c5cccnc5	6.21
ADRB2	Cc2cccc(OCC(O)CNCc1ccc(NS(C)(=O)=O)cc1)c2	6.04
ADRB2	OC(CNc1ccccc1c2ccccc2)CON=C(C3CC3)C4CC4	6.12
ESR2	C[C@]34CCC1C(CCc2cc(O)c(CCCO)cc12)C3CC[C@@H]4O	7.92
ESR2	CC/C(=C(\c1ccc(O)cc1)c2ccc(OCCN(C)C)cc2)c3ccccc3	8.37
ESR2	CC4=C(c1ccc(O)cc1)[C@H](c3ccc(OCCN2CCCCC2)cc3)Oc5cc(O)ccc45	6.58
ESR2	CC/C(=C(/CC)c1ccc(O)cc1)c2ccc(O)cc2	8.05
ESR2	CCNc2c(\C=N\O)ccc(c1ccccc1)c2c3ccccc3	10.7
ESR2	Oc5ccc(c2sc1cc(O)ccc1c2Oc4ccc(OCCN3CCCCC3)cc4)cc5	8.0
ESR2	CCc4c(c2ccc(OCCN1CCCCC1)cc2)oc(c3ccc(O)cc3)c4c5ccc(O)cc5	7.82
ESR2	C[C@@H]1CCCN1[C@@H](C)COc5ccc([C@@H]3Oc2ccc(O)c(F)c2[C@@H](C)[C@@H]3c4ccc(O)cc4)cc5	10.32
ESR2	C[C@@H]([C@@H](C#N)c1ccc(O)cc1)c2ccc(O)cc2	9.85
ESR2	Oc5ccc4[C@@H](c2ccc(OCCN1CCCC1)cc2)[C@@H](c3ccccc3)OCc4c5	9.04
ESR2	Oc5ccc4c(Oc2ccc(OCCN1CCCCC1)cc2)c(c3cccc(F)c3)ccc4c5	10.22
ESR2	Oc4ccc([C@@H]3Oc1ccc(O)cc1[C@@H]2CCC[C@@H]23)cc4	9.37
ESR2	Oc5ccc(C4=C(c2ccc(OCCN1CCCCC1)cc2)c3ccc(O)cc3C4)cc5	7.37
ESR2	Oc5ccc(c2sc1cc(O)ccc1c2C(=O)c4ccc(OCCN3CCCCC3)cc4)cc5	8.4
ESR2	CC[C@H](COc4ccc([C@@H]2Oc1ccc(O)cc1S[C@@H]2c3ccc(O)cc3)cc4)N5CCCC5	7.92
ESR2	Oc5ccc(c2ccc1cc(O)ccc1c2Cc4ccc(OCCN3CCCCC3)cc4)cc5	7.92
ESR2	CC[C@@]14CCC(=O)C(C(F)(F)F)=C1c3ccc2[nH]nc(F)c2c3C4	6.33
ESR2	Oc5ccc4[C@@H](c2ccc(OCCN1CCCC1)cc2)[C@@H](c3ccccc3)SCc4c5	7.92
ESR2	Oc6ccc3c(CN(c2ccc(OCCN1CCCCC1)cc2)c4c3ccc5cc(O)ccc45)c6	9.2
ESR2	OC(CCN1CCCCC1)c6ccc(c4c2cc(O)ccc2cc5sc3cc(O)ccc3c45)cc6	7.92
ESR2	Brc2cc1OCOc1cc2[C@@H]4Nc3ccccc3[C@@H]5C=CC[C@H]45	7.72
ESR2	CCC2C(c1ccc(O)cc1)=C(CC)c3ccc(O)cc23	7.75
ESR2	Oc3cc(Br)c2oc(c1ccc(O)c(F)c1)cc2c3	8.39
ESR2	OC(CCN1CCCCC1)c6ccc(C4c2ccc(O)cc2Cc5sc3cc(O)ccc3c45)cc6	8.44
ESR2	CC[C@@]14CCC(=O)C(C(F)(F)F)=C1c3ccc2[nH]ncc2c3C4=O	8.68
ESR2	CCCC[C@@]14CCC(=O)C(CC)=C1c3ccc2[nH]nnc2c3C4	8.72
ESR2	CCc3c(c1ccc(O)cc1)oc(c2ccccc2)c3c5ccc(OCCN4CCCCC4)cc5	7.42
ESR2	NC(=O)c4ccc(C2=C(c1ccc(O)cc1)Cc3cc(O)ccc23)cc4	7.92
ESR2	Oc6ccc5c(ccc4cc1ccc(O)cc1c(c3ccc(OCCN2CCCCC2)cc3)c45)c6	9.46
ESR2	Oc4ccc3C(c2ccc(OCCN1CCCCC1)cc2)c5c(Cc3c4)ccc6cc(O)ccc56	7.92
ESR2	Oc6ccc5c4[C@@H](c2ccc(OCCN1CCCCC1)cc2)Oc3c(F)cc(F)cc3c4ccc5c6	7.92
ESR2	Oc3ccc(c2cc(C#N)c1cc(O)ccc1c2)c(F)c3	8.85
ESR2	Oc5ccc([C@H]2Sc1cc(O)ccc1[C@@H]2C(=O)c4ccc(OCCN3CCCCC3)cc4)cc5	8.85
ESR2	CC34CCC1C(CCC2=CC(=O)CCC12)C3CC[C@@]4(O)C#C	9.3
ESR2	Oc4ccc([C@H]3Oc1ccc(O)cc1[C@H]2CCCC[C@H]23)cc4	6.58
ESR2	Oc2ccc1C4=C(CCOc1c2)c3ccc(O)cc3O[C@@H]4c6ccc(OCCN5C(=O)CCC5=O)cc6	6.47
ESR2	Oc5ccc(C4=C(c2ccc(OCCN1CCCC1)cc2)c3ccc(F)cc3OCC4)cc5	8.8
ESR2	CC[C@@]25CCC(=O)C(c1ccccc1)=C2c4ccc3[nH]ncc3c4C5	9.52
ESR2	Oc6ccc5c(C(=O)c2ccc(OCCN1CCCCC1)cc2)c(c3cccc4ccccc34)sc5c6	9.72
ESR2	Oc4ccc([C@H]3Oc1ccc(O)cc1[C@H]2CCCCC[C@H]23)cc4	9.34
ESR2	CCc2c(c1ccc(O)cc1)c4ccc3c(O)ccc2n34	8.35
ESR2	C[C@H]4[C@H](c1ccc(O)cc1)[C@H](c3ccc(OCCN2CCCCCC2)cc3)Oc5ccc(O)c(F)c45	7.92
ESR2	Oc5ccc(c2sc1cc(O)ccc1c2C(=O)c4ccc(SCCN3CCCCC3)cc4)cc5	8.95
ESR2	BrC5=C3c2ccc1[nH]ncc1c2C[C@]3(CCC4CC4)CCC5=O	9.3
ESR2	CCc3c(c1ccc(O)cc1)oc(c2ccc(O)cc2)c3c4ccc(OC)cc4	8.09
ESR2	CCCC[C@@]25CCC(=O)C(c1cccs1)=C2c4ccc3[nH]nnc3c4C5	9.05
ESR2	CCC[C@@H]1C[C@@H]4C[C@]13Cc2cc(O)ccc2C3=C(C)C4=O	9.1
ESR2	Oc4ccc3cc(c1noc2cc(O)ccc12)ccc3c4	9.4
ESR2	Cc1cc(O)ccc1c3nc2cc(O)cc(Br)c2o3	9.7
ESR2	Oc4ccc(c2c(c1ccccc1)[nH]c3ccccc23)cc4	8.8
ESR2	Oc5ccc(C2=Cc1cc(O)ccc1C24Cc3ccccc3C4)cc5	8.85
ESR2	Oc5ccc4O[C@H](c2ccc(OCCN1CCCCC1)cc2)[C@H](c3ccccc3O)Sc4c5	8.82
ESR2	COc3c(C)c(Br)c2c(=O)oc1c(C)c(O)ccc1c2c3C	9.52
ESR2	CCCCC24CCC(=O)C(c1ccccc1)=C2c3ccc(O)cc3C4	9.0
ESR2	Oc6ccc(c2sc1cc(O)ccc1c2C(=O)c5ccc(N4CCN(C(=O)c3ccc(N(=O)=O)cc3)CC4)cc5)cc6	8.64
ESR2	Oc3ccc(c2coc1cc(O)cc(O)c1c2=O)cc3	8.29
ESR2	CCCCC13CCC(=O)C(I)=C1c2ccc(O)cc2C3	9.02
ESR2	CSc2c(c1ccc(O)cc1)c(=O)c3ccc(O)cc23	9.4
ESR2	C[C@H]4[C@H](c1ccc(O)cc1)[C@H](c3ccc(OCCN2CCCCC2)cc3)Oc5ccc(O)c(F)c45	9.72
ESR2	CCCCCS(=O)(=O)CCCCCCCCCCn2c(c1ccc(O)cc1)c(C)c3cc(O)ccc23	9.18
ESR2	CC1=CC[C@]3(O)C[C@H]1[C@H](c2ccc(O)cc2F)OC3(C)C	6.25
ESR2	Oc4ccc3c(c1cccc2c(O)cccc12)noc3c4	9.8
ESR2	CCCCC24CCC(=O)C(c1cccs1)=C2c3ccc(O)cc3C4	9.2
ESR2	Oc1ccc4c(c1)oc3oc2cc(O)cc(O)c2c(=O)c34	9.06
ESR2	Oc6ccc(C2=Cc1cc(O)ccc1C25Cc4ccc(OCCN3CCCCC3)cc4C5)cc6	9.72
ESR2	Oc3ccc2c(c1cc(Br)c(O)cc1O)noc2c3	9.77
ESR2	Oc5ccc(c2sc1cc(O)ccc1c2C(=O)c4ccc(NCCN3CCCCC3)cc4)cc5	9.72
ESR2	Oc1ccc3c(c1)oc(=O)c4c2ccc(O)cc2oc34	9.0
ESR2	OC5CCC(c2sc1cc(O)ccc1c2C(=O)c4ccc(OCCN3CCCCC3)cc4)CC5	9.0
ESR2	CC34CC[C@H]1C(CCc2cc(O)ccc12)[C@@H]3CCC4=O	8.85
ESR2	Oc5ccc4c(Oc2ccc(OCCN1CCCCC1)cc2)c(C3=CCS(=O)(=O)CC3)ccc4c5	7.64
ESR2	C[C@@H](COc4ccc(Cn2c(c1ccc(O)cc1)c(C)c3cc(O)ccc23)cc4)N5CCCC5	9.15
ESR2	CCC2Oc1c(C)c(O)ccc1c3c(C)cc(O)c(C)c23	9.19
ESR2	Oc3ccc(c1noc(C(F)(F)F)c1c2ccccc2)cc3	8.09
ESR2	Oc4ccc3C1=C(Br)C(=O)CCC1(c2ccccc2)Cc3c4	8.16
ESR2	Oc6ccc([C@H]2Sc1cc(O)ccc1O[C@H]2c5ccc(OCCC4CC3CC3C4)cc5)cc6	6.24
ESR2	C[C@@H](COc4ccc(C(=O)c2c(c1ccc(O)cc1)sc3cc(O)ccc23)cc4)N5CCCC5	8.56
ESR2	CS(=O)(=O)C5CCC(c2ccc1cc(O)ccc1c2Oc4ccc(OCCN3CCCCC3)cc4)=CC5	6.21
ESR2	CCC2Cc1cc(O)ccc1C4=C2c3ccc(O)cc3CC4CC	8.37
ESR2	CC(C)c2sc1cc(O)ccc1c2C(=O)c4ccc(OCCN3CCCCC3)cc4	8.78
ESR2	Oc4ccc3c(c2nc1ccc(O)cc1o2)cccc3c4	9.0
ESR2	Oc4ccc(c3c(c1ccccc1)c2cc(O)cc(O)c2c3=O)cc4	8.44
ESR2	CCCCCc3cc1cc(O)ccc1c(Oc2ccc(/C=C/C(O)=O)cc2)c3c4ccccc4	5.13
ESR2	Oc5ccc4[C@@H](c2ccc(OCCN1CCCCC1)cc2)[C@@H](c3ccccc3)COc4c5	5.85
ESR2	CCCCC24CCC(=O)C(c1ccco1)=C2c3ccc(O)cc3C4	7.99
ESR2	Oc5ccc(C2CCc1cc(O)ccc1N2c4ccc(OCCN3CCCC3)cc4)cc5	9.1
ESR2	Oc3ccc2nc(c1ccc(O)c(F)c1)cc(Br)c2c3	7.16
ESR2	Cc4c(c1ccc(O)cc1)n(Cc3ccc(OCCN2CCCCCC2)cc3)c5ccc(O)cc45	8.3
ESR2	C[C@]34CCC1C(CC=C2C[C@@H](O)CC[C@]12/C=C\F)C3CC[C@@H]4O	7.4
ESR2	CC(=O)[C@H]4CC[C@H]3[C@@H]2CCC1=CC(=O)C=C[C@]1(C)[C@H]2CC[C@@]34C	6.28
ESR2	Oc5ccc4N(Cc2ccc(OCCN1CCCCC1)cc2)C(c3ccccc3)CCc4c5	8.74
ESR2	Cc5ccc(S(=O)(=O)OCCCCCCCCCC[C@H]4C[C@@]1(C)C(CC[C@@H]1O)C3CCc2cc(O)ccc2C34)cc5	8.68
ESR2	BrC5=C3c2ccc1[nH]ncc1c2C[C@]3(CC4CC4)CCC5=O	8.4
ESR2	O/N=C/c2ccc(c1ccc(O)cc1)c3sccc23	8.49
ESR2	O/N=C/c2ccc(c1ccc(O)cc1)c3ccsc23	6.7
ESR2	O/N=C/c2ccc(c1ccc(O)c(F)c1)c3ccccc23	8.39
ESR2	Oc5ccc([C@H]2Sc1cc(O)ccc1O[C@H]2c4ccc(OCCCN3CCCC3)cc4)cc5	8.77
ESR2	Oc5ccc4c(Oc2ccc(OCCN1CCCCC1)cc2)c(C3CCS(=O)(=O)CC3)ccc4c5	8.22
ESR2	CCC25CCC(=O)C(c1ccc(O)cc1)=C2c4ccc3[nH]nnc3c4C5	7.07
ESR2	Oc1ccc3c(c1)oc4c(=O)c2c(O)cc(O)cc2oc34	7.08
ESR2	COc5ccc4C(c2ccc(OCCN1CCC1)cc2)=C(c3ccc(O)cc3)CCOc4c5	7.62
ESR2	Oc5ccc4C(c1ccccc1)N(c3ccc(/C=C/C(=O)N2CCOCC2)cc3)CCc4c5	6.41
ESR2	O/N=C/c2ccc(c1ccc(O)c(F)c1)c(Cl)c2O	6.7
ESR2	Oc5ccc(C2CCc1cc(O)ccc1N2Cc4ccc(OCCN3CCCC3)cc4)cc5	8.96
ESR2	CN(CCCc1ccc(Cl)cc1)c4nc(NCCc2ccc(O)cc2)nc(N3CCNCC3)n4	8.72
ESR2	CN(CCCc1ccc(Cl)cc1)c5nc(NCCc2ccc(O)cc2)nc(N4CCN(Cc3csc(C)n3)CC4)n5	8.68
ESR2	CC[C@@H]1CC[C@@H]4C[C@]13Cc2cc(O)ccc2C3=C(C)C4=O	8.77
ESR2	Oc5ccc(Cc2sc1cc(O)ccc1c2C(=O)c4ccc(OCCN3CCCCC3)cc4)cc5	8.0
ESR2	Oc5ccc4c(C(=O)c2ccc(OCCN1CCCCC1)cc2)c(C3CCCC3)sc4c5	8.36
ESR2	Oc5ccc(c2sc1cc(O)ccc1oc2c4ccc(OCCN3CCCCC3)cc4)cc5	8.4
ESR2	Oc6ccc(c2sc1cc(O)ccc1c2C(=O)c5ccc(N4CCN(c3ccccc3)CC4)cc5)cc6	8.7
ESR2	Oc2ccc1C4=C(CCOc1c2)c3ccc(O)cc3O[C@H]4c6ccc(OCCCN5C(=O)CCC5=O)cc6	8.85
ESR2	CC[C@@]25CCC(=O)C(C1CC1)=C2c4ccc3[nH]ncc3c4C5	7.75
ESR2	Oc4ccc(CCNc3nc(SCCCc1ccc(Cl)cc1)nc(N2CCNCC2)n3)cc4	8.9
ESR2	Oc5ccc4[C@@H](c2ccc(SCCN1CCCC1)cc2)[C@@H](c3ccccc3)COc4c5	7.09
ESR2	CCCCC25CCC(=O)C(c1ccco1)=C2c4ccc3[nH]nnc3c4C5	8.0
ESR2	Oc3ccc(c1[nH]c(C(F)(F)F)nc1c2ccccc2)cc3	8.74
ESR2	Oc4ccc([C@@H]3Oc1ccc(O)cc1[C@@H]2CC(=O)C[C@@H]23)cc4	8.0
ESR2	CCC2Oc1cc(O)ccc1N=C2c3ccc(O)cc3	8.82
ESR2	COc4ccc3C6=C([C@@H](c2ccc(OCCN1CCCCC1)cc2)Oc3c4)c5ccc(O)cc5OCC6	8.52
ESR2	Oc1ccc5c(c1)sc6c2cc(O)ccc2n(Cc4ccc(OCCN3CCCCCC3)cc4)c56	8.89
ESR2	CN(C)CCOc4ccc([C@@H]2Oc1ccc(O)cc1S[C@@H]2c3cccc(O)c3)cc4	8.52
ESR2	CC/C(=C(\c1ccc(I)cc1)c3ccc(OCCN2CCCC2)cc3)c4ccccc4	7.01
ESR2	Oc5ccc(C2CCc1cc(O)ccc1N2c4ccc(OCCN3CCCCC3)cc4)cc5	7.01
ESR2	CN(CCCc1ccc(Cl)cc1)c5nc(NCCc2ccc(O)cc2)nc(N4CCN(Cc3ccccc3)CC4)n5	7.73
ESR2	Cc2c(\C=N\O)c1ccccc1n2c3ccc(O)c(F)c3	7.73
ESR2	CN(C)C(=O)\C=C\c4ccc(N2CCc1cc(O)ccc1C2c3ccccc3)cc4	8.01
ESR2	Oc2ccc1C4=C(CCOc1c2)c3ccc(O)cc3O[C@H]4c6ccc(OCCN5CCCC5)cc6	8.0
ESR2	Oc5ccc(C4=C(c2ccc(OCCN1CCCCC1)cc2)c3ccc(F)cc3OCC4)cc5	8.47
ESR2	Oc3ccc([C@H]1N(C(=O)C(F)(F)F)CCc2cc(O)ccc12)cc3	8.59
ESR2	CC4=CC3=CC[C@H]2[C@@H]1CC[C@H](O)[C@@]1(C)CC[C@@H]2[C@@]3(C=C)CC4	8.42
ESR2	Oc6ccc1c(CCC15C=C(c3ccc(OCCN2CCCCC2)cc3)c4cc(O)ccc45)c6	8.64
ESR2	Oc5ccc4[C@@H](c2ccc(SCCN1CCCCC1)cc2)[C@@H](c3ccccc3)COc4c5	8.62
ESR2	Oc3ccc(c2cc1ccc(O)cc1s2)cc3	8.89
ESR2	OC[C@]23CC[C@@H](c1ccc(O)cc1)[C@H](C2)C=CC3	7.6
ESR2	Oc5ccc(c2sc1cc(O)ccc1c2C(=O)c4ccc(CCCN3CCCCC3)cc4)cc5	8.42
ESR2	Oc5ccc4c(C(=O)c2ccc(OCCN1CCCCC1)cc2)c(c3ccsc3)sc4c5	8.64
ESR2	O/N=C/c2ccc(c1ccc(O)cc1)c3ccoc23	8.94
ESR2	Oc4ccc([C@H]3Oc1ccc(O)cc1[C@H]2CCC(=O)C[C@H]23)cc4	7.14
ESR2	Oc5ccc(C3CN(S(=O)(=O)c1cccc2ccccc12)Cc4cc(O)ccc34)cc5	7.21
ESR2	C[C@]34CCc1c(sc2cc(O)ccc12)[C@@H]3CC[C@@H]4O	6.02
ESR2	Oc2ccc1C4=C(CCOc1c2)c3ccc(O)cc3O[C@H]4c6ccc(OCCN5CCOCC5)cc6	8.7
ESR2	OCCOc5ccc(C2Oc1cc(O)ccc1C4=C2c3ccc(O)cc3OCC4)cc5	8.7
ESR2	Oc1ccc5c(c1)sc6c2cc(O)ccc2n(Cc4ccc(OCCN3CCCCC3)cc4)c56	8.3
ESR2	Oc5ccc4C=C(c1ccccc1)C(c3ccc(OCCN2CCCC2)cc3)Oc4c5	8.4
ESR2	Oc3ccc(C1CN(C(=O)C(F)(F)F)Cc2cc(O)ccc12)cc3	8.05
ESR2	Cc1c(O)ccc3c1CCc2cc(O)cc(C=C)c23	8.3
ESR2	Oc2ccc1C4=C(COc1c2)c3ccc(O)cc3OC4c6ccc(OCCN5CCCCCC5)cc6	8.6
ESR2	Oc3ccc(n2cnc1cc(O)cc(O)c1c2=S)cc3	8.89
ESR2	Oc4ccc(C2CN(Cc1ccccc1)Cc3cc(O)ccc23)cc4	8.92
ESR2	Oc2ccc1C4=C(CCOc1c2)c3ccc(O)cc3O[C@H]4c6ccc(OCCN5CCCCCC5)cc6	8.8
ESR2	Oc5ccc(C[C@H]2Sc1cc(O)ccc1O[C@H]2c4ccc(OCCN3CCCCC3)cc4)cc5	8.51
ESR2	Oc3ccc(c2coc1cc(O)cc(O)c1c2=S)cc3	8.4
ESR2	Cc1nocc1c3nc2ccccc2n3c4ccc(O)cc4	7.96
ESR2	Oc5ccc4C2=C(c1ccco1)C(=O)CCC2(c3ccccc3)Cc4c5	8.37
ESR2	Oc5ccc4O[C@@H](c2ccc(OCCN1CCCCC1)cc2)[C@@H](C3CCCCC3)Sc4c5	7.6
ESR2	OC(=O)\C=C\c5ccc(Oc3c(c1ccccc1)c(C2CC2)cc4cc(O)ccc34)cc5	8.57
ESR2	CCN(CC)CCOc5ccc(Cn3c1ccc(O)cc1c4sc2cc(O)ccc2c34)cc5	8.39
ESR2	Oc5ccc(C3=C(c2ccc(OCCN1CCCC1)cc2)CCOc4cc(F)ccc34)cc5	8.68
ESR2	Oc6ccc([C@H]2Sc1cc(O)ccc1O[C@H]2c5ccc(OCCN4C[C@H]3CCC[C@H]3C4)cc5)cc6	4.34
ESR2	Oc6ccc(c2sc1cc(O)ccc1c2C(=O)c5ccc(N4CCN(C3CCCC3)CC4)cc5)cc6	6.4
ESR2	Oc5ccc4C(c2ccc(OCCN1CCCC1)cc2)N(S(=O)(=O)c3ccccc3)CCc4c5	8.01
ESR2	Oc5ccc4[C@@H](c2ccc(OCCN1CCCC1)cc2)[C@@H](c3ccccc3)COc4c5	8.4
ESR2	Oc2ccc1C4=C(CCOc1c2)c3ccc(O)cc3O[C@H]4c6ccc(OCCCN5CCCCC5)cc6	8.4
ESR2	CC4=CC(C)(C)Nc5ccc3c1ccccc1o\c(=C/c2ccccc2C)c3c45	8.4
ESR2	Cn1cc(NC=O)cc1C(=O)Nc3cc(C(=O)Nc2cc(C(=O)NCCC(N)=N)n(C)c2)n(C)c3	8.17
ESR2	CN(C)c5ccc(C4C[C@@]1(C)C(CC[C@]1(O)CCCO)C3CCC2=CC(=O)CCC2=C34)cc5	7.55
ESR2	CN(C[C@@H]1C[C@@H]1c2ccccc2)c5nc(NCCc3ccc(O)cc3)nc(N4CCNCC4)n5	7.75
ESR2	Oc5ccc4c(C(=O)c2ccc(OCCN1CCCCC1)cc2)c(c3cccs3)sc4c5	8.52
ESR2	Oc6ccc(c2sc1cc(O)ccc1c2C(=O)c5ccc(N4CCN(C(=O)c3ccco3)CC4)cc5)cc6	8.82
ESR2	Oc1ccc5c(c1)sc6c2cc(O)ccc2n(Cc4ccc(OCCN3CCCC3)cc4)c56	8.74
ESR2	Oc3ccc([C@@H]2CCc1cc(O)ccc1O2)cc3	8.52
ESR2	Oc6ccc5C(c3ccc(N2CCN1CCCCC1C2)cc3)N(c4ccccc4)CCc5c6	8.54
ESR2	C[C@]12CCC4C(C1CC[C@@H]2O)[C@H](Sc3ccc(/C=C/C(O)=O)cc3)Cc5cc(O)ccc45	9.23
ESR2	Oc5ccc4O[C@@H](c2ccc(OCCN1CCCCC1)cc2)[C@@H](C3CCCCCC3)Sc4c5	7.7
ESR2	Oc6ccc5C(c2ccc(OCCN1CCCC1)cc2)N(S(=O)(=O)c3cccc4ccccc34)CCc5c6	7.73
ESR2	Oc1ccc5c(c1)sc6c2cc(O)ccc2n(Cc4ccc(OCCN3CCOCC3)cc4)c56	7.01
ESR2	Oc5ccc4O[C@@H](c2ccc(OCCN1CCCCC1)cc2)[C@@H](C3CCCC3)Sc4c5	8.62
ESR2	Oc5ccc4C(c2ccc(OCCN1CCCC1)cc2)N(c3ccccc3)CCc4c5	7.11
ESR2	CCOC(=O)C6(C#N)Cc5ccc([C@]4(O)CC[C@H]3[C@@H]2CCc1cc(O)ccc1[C@H]2CC[C@@]34C)cc5C6	7.0
ESR2	Oc2ccc1C4=C(COc1c2)c3ccc(O)cc3OC4c5ccccc5	7.01
ESR2	C[C@]34CCc1c(ccc2cc(O)ccc12)[C@@H]3CC[C@H]4O	7.73
ESR2	OCc2cc(O)cc3ncn(c1ccc(O)cc1)c(=O)c23	8.31
ESR2	C[C@H]2CCC[C@H](O)CCCCCc1cc(O)cc(O)c1C(=O)O2	8.1
ESR2	Oc5ccc(C1=c4ccc3=CC=C2CCCCC1C2n34)cc5	6.94
ESR2	Oc6ccc([C@H]2Sc1cc(O)ccc1O[C@H]2c5ccc(OCCN4CC3(CCC3)C4)cc5)cc6	7.77
ESR2	Oc4ccc3C(c1cccs1)N(c2ccccc2)CCc3c4	8.0
ESR2	C[C@]34CC[C@H]1[C@@H](CCc2cc(O)ccc12)[C@@H]3CC[C@@]4(O)c6ccc5COCc5c6	7.96
ESR2	Oc4ccc([C@H]2Sc1cc(O)ccc1O[C@H]2CCCN3CCCCC3)cc4	7.82
ESR2	CCN5CCN(c4ccc([C@@H]2Oc1ccc(O)cc1S[C@@H]2c3ccc(O)cc3)cc4)CC5	8.3
ESR2	Oc2ccc1C4=C(CCOc1c2)c3ccc(O)cc3O[C@@H]4c6ccc(OCCN5CCSCC5)cc6	7.6
ESR2	Oc4ccc(C2CN(C(=O)c1ccccc1)Cc3cc(O)ccc23)cc4	8.3
ESR2	C[C@]45CC[C@H]1[C@@H](CC=C2[C@H]3CC[C@@]12CC[C@@H]3O)[C@@H]4CC[C@@H]5O	7.82
ESR2	Cn1cccc1c3nc2ccccc2n3c4ccc(O)cc4	8.22
ESR2	CCCc2c(O)cc(O)c3C(=O)C[C@@H](c1ccc(O)cc1)Oc23	8.1
ESR2	CCCN5CCN(c4ccc(C(=O)c2c(c1ccc(O)cc1)sc3cc(O)ccc23)cc4)CC5	8.32
ESR2	Oc5ccc(C1=c4ccc3=CC=C2CCCC1C2n34)cc5	8.06
ESR2	CCN5CCN(c4ccc(C2N(c1ccccc1)CCc3cc(O)ccc23)cc4)CC5C	7.88
ESR2	Oc5ccc(c2sc1cc(O)ccc1c2C(=O)c4ccc(S(=O)(=O)CCN3CCCCC3)cc4)cc5	7.97
ESR2	CN(CCCc2ccc1OCOc1c2)c5nc(NCCc3ccc(O)cc3)nc(N4CCNCC4)n5	7.94
ESR2	Oc5ccc([C@H]2Sc1cc(O)ccc1O[C@H]2c4ccc(C3=CCNCC3)cc4)cc5	8.05
ESR2	Oc5ccc4C(c2ccc(OCCN1CCCCC1)cc2)N(c3ccccc3)CCc4c5	6.89
ESR2	Oc6ccc([C@H]2Sc1cc(O)ccc1O[C@H]2c5ccc(OCCN4CC[C@H]3C[C@H]34)cc5)cc6	8.14
ESR2	Oc6ccc([C@H]2Sc1cc(O)ccc1O[C@H]2c5ccc(OCCN4C[C@H]3CCCC[C@H]3C4)cc5)cc6	6.7
ESR2	Oc5ccc4O[C@@H](c2ccc(OCCN1CCCCC1)cc2)[C@@H](CC3CCCC3)Sc4c5	8.15
ESR2	C[C@]34CC[C@H]1[C@@H](CCC2=CC(=C)CC[C@]12C)[C@@H]3CC[C@@H]4O	8.29
ESR2	CN(CCCc1ccc(Cl)cc1)c5nc(NCCc2ccc(O)cc2)nc(N4CCN(Cc3cccnc3)CC4)n5	6.8
ESR2	CCCCN(C)C(=O)CCCCCCCCCCS[C@H]4C1C(CC[C@@]2(C)C1CC[C@@H]2O)c3ccc(O)cc3C4=O	7.12
ESR2	Oc4ccc(C3=C(Cc1ccccc1)c2ccc(O)cc2C3)cc4	8.14
ESR2	CC(C)C[C@H]2Sc1cc(O)ccc1O[C@H]2c4ccc(OCCN3CCCCC3)cc4	7.96
ESR2	C[C@H]2CCC[C@H](O)CCC/C=C/c1cc(O)cc(O)c1C(=O)O2	7.82
ESR2	Oc6ccc([C@H]2Sc1cc(O)ccc1O[C@H]2c5ccc(OCCN4CCC3(CCCC3)CC4)cc5)cc6	7.92
ESR2	Oc7ccc([C@H]2Sc1cc(O)ccc1O[C@H]2c6ccc(OCCN4CC3CC5CC(C3)CC4C5)cc6)cc7	7.33
ESR2	CN(CCCc1ccc(Cl)cc1)c5nc(NCCc2ccc(O)cc2)nc(N4CCN(C3CCCC3)CC4)n5	7.89
ESR2	Oc5ccc4O[C@@H](c2ccc(OCCN1CCCCC1)cc2)[C@@H](CC3CCCCC3)Sc4c5	5.55
ESR2	Cc4c(c1ccc(O)cc1)n(Cc3ccc(OCCN2CCCCC2)cc3)c5ccc(O)cc45	8.24
ESR2	Oc5ccc(c2nn1c(C(F)(F)F)cc(C(F)(F)F)nc1c2c4ccc(OCCN3CCCCC3)cc4)cc5	8.11
ESR2	COc5ccc4C(c2ccc(OCCN1CCCC1)cc2)=C(c3ccccc3)CCc4c5	8.3
ESR2	Oc4ccc(C2CN(S(=O)(=O)c1ccccc1)Cc3cc(O)ccc23)cc4	8.13
ESR2	Oc5ccc4C(c2ccc(OCCN1CCCC1)cc2)N(Cc3ccccc3)CCc4c5	8.19
ESR2	CN5CCC(c4ccc(C2N(c1ccccc1)CCc3cc(O)ccc23)cc4)CC5	8.09
ESR2	Oc6cccc(N2CCc1cc(O)ccc1C2c5ccc(N4CCN(CC3CC3)CC4)cc5)c6	8.0
ESR2	Oc6ccc([C@H]2Sc1cc(O)ccc1O[C@H]2c5ccc(OCCN3C4CCCC3CCC4)cc5)cc6	7.99
ESR2	Oc4ccc(c2nn1c(C(F)(F)F)cc(C(F)(F)F)nc1c2c3ccc(O)cc3)cc4	8.16
ESR2	Oc4ccc(n2c(c1cccs1)nc3ccccc23)cc4	8.05
ESR2	COC(=O)C(C)n2c(=O)s/c(=C/c1ccc(O)c(Cl)c1)c2=O	7.16
ESR2	COc2cccc3oc1cc(O)ccc1c(=O)c23	8.34
ESR2	CN(CCCc1ccc(Cl)cc1)c5nc(NCCc2ccc(O)cc2)nc(N4CCN(Cc3ccccn3)CC4)n5	8.06
ESR2	Oc6ccc([C@H]2Sc1cc(O)ccc1O[C@H]2c5ccc(OCCN3C4CCCC3CC4)cc5)cc6	8.32
ESR2	Oc6ccc5C(c3ccc(N2CCN(C1CCCCC1)CC2)cc3)N(c4cccc(O)c4)CCc5c6	8.15
ESR2	Oc6ccc([C@H]2Sc1cc(O)ccc1O[C@H]2c5ccc(OCCN3CC4CCC3CC4)cc5)cc6	8.25
ESR2	Oc6cccc(N2CCc1cc(O)ccc1C2c5ccc(N4CCN(C3CCCC3)CC4)cc5)c6	8.15
ESR2	CO[C@H]1C[C@H](C)Cc2c(OC)c(=O)cc(NC(=O)C(\C)=C\C=C/[C@H](OC)[C@@H](OC(N)=O)C(/C)=C/[C@H](C)[C@H]1O)c2=O	8.06
ESR2	Oc5ccc4c(c1cccc2ccccc12)c(C(=O)c3ccccc3Cl)oc4c5	7.96
ESR2	Oc3ccc2C(c1cccs1)N(C(=O)C(F)(F)F)CCc2c3	7.96
ESR2	Oc3ccc(C2CCc1cc(O)ccc1N2)cc3	8.64
ESR2	Oc5ccc4O[C@@H](c2ccc(OCCN1CCOCC1)cc2)[C@@H](c3cccc(O)c3)Sc4c5	7.51
ESR2	Oc4ccc3C(Cc1ccccc1)N(c2ccccc2)CCc3c4	7.55
ESR2	Cc6cc(C)nc(N5CCN(c4ccc(C(=O)c2c(c1ccc(O)cc1)sc3cc(O)ccc23)cc4)CC5)n6	7.8
ESR2	Oc5cccc([C@H]2Sc1cc(O)ccc1O[C@H]2c4ccc(OCCNC3CCCCCC3)cc4)c5	6.51
ESR2	Cc3cccc(Oc2c(C(F)(F)F)oc1cc(O)ccc1c2=O)c3	7.57
ESR2	Oc5ccc([C@H]2Sc1cc(O)ccc1O[C@H]2c4ccc(OCCN3CCSCC3)cc4)cc5	7.57
ESR2	Oc5ccc(C4=C(C(=O)c2ccc(OCCN1CCCCC1)cc2)c3ccc(O)cc3CC4)cc5	7.62
ESR2	Oc6ccc([C@H]2Sc1cc(O)ccc1O[C@H]2c5ccc(OCCN3CC4CC3CO4)cc5)cc6	7.52
ESR2	Oc4ccc3C2=Nc1ccc(O)cc1OC2Cc3c4	7.4
ESR2	Oc2ccc1C4=C(CCCOc1c2)c3ccc(O)cc3OC4c6ccc(OCCN5CCCCC5)cc6	7.7
ESR2	CC(CCc1ccc(O)cc1)NC(=O)Cc3c(c2ccccc2)[nH]c4ccccc34	7.55
ESR2	Oc2ccc1C4=C(COc1c2)c3ccc(O)cc3OC4c6ccc(OCCN5CCCC5)cc6	7.58
ESR2	CC5(c2ccc(OCCN1CCCCCC1)cc2)N(c3ccccc3)CCc4cc(O)ccc45	7.67
ESR2	Oc6ccc5c(C(=O)c2ccc(OCCN1CCCCC1)cc2)c(c4ccc3ccccc3c4)sc5c6	7.73
ESR2	CCN2CC(c1ccc(O)cc1)Cc3ccc(O)cc23	7.65
ESR2	Oc6ccc([C@H]2Sc1cc(O)ccc1O[C@H]2c5ccc(OCCN4CC3CCC3C4)cc5)cc6	6.78
ESR2	CN6CCN(CCOc5ccc([C@H]2Oc1cc(O)ccc1C4=C2c3ccc(O)cc3OCC4)cc5)CC6	6.54
ESR2	C[C@]45CC[C@H]1[C@@H](CC=C2[C@H]3CC[C@@]12CCC3=O)[C@@H]4CC[C@@H]5O	7.74
ESR2	Oc5ccc([C@H]2Sc1cc(O)ccc1S[C@H]2c4ccc(OCCN3CCCC3)c(Br)c4)cc5	7.53
ESR2	Oc4ccc(CCNc3nc(SCCOc1ccc(Cl)cc1)nc(N2CCNCC2)n3)cc4	7.7
ESR2	Oc3ccc(n2c(=O)c1ccc(O)cc1c2=O)c(N(=O)=O)c3	6.54
ESR2	Oc4ccc3C(c2ccc(OCCN1CCCC1)cc2)N(C(=O)C(F)(F)F)CCc3c4	6.78
ESR2	Oc6ccc(c2sc1cc(O)ccc1c2C(=O)c5ccc(N4CCN(C(=O)c3ccncc3)CC4)cc5)cc6	7.75
ESR2	Oc4ccc(c3nc2cc(O)cc(c1cccs1)c2o3)cc4	7.58
ESR2	Oc4ccc3C(C1CCCCC1)N(c2ccccc2)CCc3c4	6.6
ESR2	Oc5ccc(C4=C2c1ccc(O)cc1CC2(Cc3ccccc3)CCC4=O)cc5	7.01
ESR2	Oc6ccc5c(C(=O)c2ccc(OCCN1CCCCC1)cc2)c(c4ccc(c3ccccc3)cc4)sc5c6	6.76
ESR2	Oc5ccc4c(C(=O)c2ccc(OCCN1CCCCC1)cc2)c(c3ccn(=O)cc3)sc4c5	6.4
ESR2	Oc5ccc4c(C(=O)c2ccc(OCCN1CCCCC1)cc2)c(c3ccncc3)sc4c5	7.79
ESR2	Oc4ccc(c3nc2cc(O)cc(C1CCCC1)c2o3)cc4	7.67
ESR2	Oc5ccc(C2=Cc1cc(O)ccc1C24C(=O)c3ccccc3C4=O)cc5	7.7
ESR2	CN(CCCc1ccc(Cl)cc1)c5nc(NCCc2ccc(O)cc2)nc(N3C[C@H]4C[C@@H]3CN4)n5	7.84
ESR2	Oc3ccc(c1nn(CC=C)c2c(C(F)(F)F)cccc12)c(O)c3	7.55
ESR2	Cc5cc(c4cc(c1ccccc1)cc(N3CCC(Cc2ccccc2)CC3)n4)ccc5O	7.62
ESR2	C[C@H]2CCCC(=O)CCC/C=C/c1cc(O)cc(O)c1C(=O)O2	5.35
ESR2	Oc5ccc([C@H]2Sc1cc(O)ccc1S[C@H]2c4ccc(OCCN3CCCCC3)c(Br)c4)cc5	7.85
ESR2	Oc5ccc([C@H]2Sc1cc(O)ccc1O[C@H]2c4ccc(C3CCNCC3)cc4)cc5	5.87
ESR2	CN(CCCc1ccc(Cl)cc1)c5nc(NCCc2ccc(O)cc2)nc(N4CCN(Cc3ccncc3)CC4)n5	5.95
ESR2	Oc6ccc([C@H]2Sc1cc(O)ccc1O[C@H]2c5ccc(OCCN3C4CCC3CC4)cc5)cc6	7.8
ESR2	Oc2ccc1C4=C(CCc1c2)c3ccc(O)cc3C4c6ccc(OCCN5CCCCC5)cc6	7.54
ESR2	O=C5CCC4(Cc1ccccc1)Cc2c(ccc3[nH]ncc23)C4=C5c7ccc(OCCN6CCCCC6)cc7	7.68
ESR2	Oc3ccc(c2cc(=O)c1c(O)cc(O)cc1o2)cc3	7.3
ESR2	C[C@]45CC[C@H]1[C@@H](CC=C2[C@H]3CC=C[C@@]12CC[C@@H]3O)[C@@H]4CC[C@@H]5O	7.55
ESR2	Oc4ccc(c3nc2cc(O)cc(c1ccco1)c2o3)cc4	7.8
ESR2	Oc6ccc([C@H]2Sc1cc(O)ccc1O[C@H]2c5ccc(OCCN4CC3CC3C4)cc5)cc6	7.76
ESR2	Oc4ccc(n2c(c1ccccc1)nc3ccccc23)cc4	7.62
ESR2	CCC4=C(c1ccc(O)cc1)C(C(=O)Nc3ccc(OCCN2CCCCC2)cc3)c5cc(O)ccc45	7.87
ESR2	CCCCC(\CC)=C(\c1ccc(O)cc1)c2ccc(OCCN(CC)CC)cc2	7.72
ESR2	CCc4cc(O)cc5O[C@H](c2ccc(OCCN1CCCCC1)cc2)[C@H](c3ccc(O)cc3)C(=O)c45	7.57
ESR2	Oc5ccc([C@H]2Sc1cc(O)ccc1O[C@H]2c4ccc(N3CCCNCC3)cc4)cc5	7.64
ESR2	Oc5ccc4O[C@@H](c2ccc(OCCN1CCCCC1)cc2)[C@@H](c3cccs3)Sc4c5	7.27
ESR2	CN5CCN(c4nc(NCCCc1ccccc1)nc(NC3CCc2cc(O)ccc2C3)n4)CC5	7.12
ESR2	CN(CCOc1ccc(Cl)cc1)c4nc(NCCc2ccc(O)cc2)nc(N3CCNCC3)n4	7.64
ESR2	Oc3ccc(n2cnc1cc(O)cc(O)c1c2=S)nc3	7.57
ESR2	Oc5ccc(C1=c4ccc3=CC=CC(C1CCc2ccccc2)n34)cc5	7.89
ESR2	CC(=C)c1ccc5c(c1)c(c3ccc(OCCN2CCCCC2)cc3)cc4cc(O)cc(C)c45	7.4
ESR2	Oc6ccc5C3=C(c2ccc(OCCN1CCCCC1)cc2)C(=O)CCC3(Cc4ccccc4)Cc5c6	7.42
ESR2	CC(C)C2N(c1ccccc1)CCc3cc(O)ccc23	7.47
ESR2	Oc5ccc([C@H]2Sc1cc(O)ccc1O[C@H]2c4ccc(CCCN3CCCCC3)cc4)cc5	7.51
ESR2	CCc1ccc5c(c1)C(c3ccc(OCCN2CCCCC2)cc3)Cc4cc(O)cc(C)c45	7.19
ESR2	Oc5ccc(c3c(c2ccc(OCCN1CCCCC1)cc2)nn4c(C(F)(F)F)cc(C(F)(F)F)nc34)cc5	7.46
ESR2	CCCCC1C3C=CC=c4ccc(=C1c2ccc(O)cc2)n34	7.4
ESR2	CC(C)N(CCOc3ccc(C(=C1CCCCC1)c2ccc(O)cc2)cc3)C(C)C	7.3
ESR2	Oc2ccc1C4=C(CCOc1c2)c3ccc(O)cc3O[C@H]4c6cccc(OCCN5CCCCC5)c6	7.4
ESR2	Oc5ccc4O[C@@H](c2ccc(OCCN1CCCCC1)cc2)[C@@H](c3ccco3)Sc4c5	7.38
ESR2	Oc4ccc3nc(c1ccc(O)c(F)c1)cc(c2ccccc2)c3c4	7.18
ESR2	C[C@]45CC[C@H]2[C@@H](CC[C@H]1[C@H]3CCC[C@]12CC[C@@H]3O)[C@@H]4CC[C@@H]5O	7.2
ESR2	Oc6ccc5C(c2ccc(OCCN1CCCC1)cc2)N(Cc4ccc3OCOc3c4)CCc5c6	7.38
ESR2	Oc6ccc(C2=Cc1cc(O)ccc1C25C(=O)c4ccc(OCCN3CCCCC3)cc4C5=O)cc6	5.85
ESR2	Oc6ccc5C3=C(c2ccc(OCCN1CCOCC1)cc2)C(=O)CCC3(Cc4ccccc4)Cc5c6	7.11
ESR2	Oc4ccc(C3CN(CC1CC1)c2cc(O)ccc2C3)cc4	6.7
ESR2	Oc4ccc(c3nc2cc(O)cc(c1ccccc1)c2o3)cc4	7.1
ESR2	Oc4ccc3C2=Nc1ccc(O)cc1OC2CCc3c4	6.46
ESR2	Cc3c(c1ccc(O)cc1)n(CCCCCCN2CCCC2)c4ccc(O)cc34	6.54
ESR2	Cc7ccc(S(=O)(=O)N6Cc5ccc([C@]4(O)CC[C@H]3[C@@H]2CCc1cc(O)ccc1[C@H]2CC[C@@]34C)cc5C6)cc7	6.5
ESR2	Oc4ccc([C@@H]3CC(=O)c2c(O)cc(O)c(Cc1ccccc1)c2O3)cc4	7.18
ESR2	Oc5ccc([C@H]2Sc1cc(O)ccc1O[C@H]2c4ccc(OCCN3CCS(=O)(=O)CC3)cc4)cc5	6.99
ESR2	Cc5cc(c4cc(c1ccccc1)cc(N(CCc2ccccc2)Cc3ccccc3)n4)ccc5O	7.17
ESR2	Oc4ccc3c(Cc1ccccc1)c(c2ccc(Cl)cc2)c(=O)oc3c4	7.18
ESR2	CC#C[C@@]3(O)CC[C@]2(CC=C)[C@H](CCc1cc(O)ccc12)C3	6.46
ESR2	Oc5ccc([C@H]2Sc1cc(O)ccc1O[C@H]2c4ccc(COCCN3CCCCC3)cc4)cc5	6.54
ESR2	Oc6ccc([C@H]2Sc1cc(O)ccc1O[C@H]2c5ccc(OCCN3CCC4(CC3)OCCO4)cc5)cc6	6.7
ESR2	Oc4ccc3C(CC1CCCCC1)N(c2ccccc2)CCc3c4	7.1
ESR2	CC4=CC(C)(C)Nc5ccc3c1ccccc1OC(c2ccccc2)c3c45	7.29
ESR2	CCC(C(c1ccc(O)cc1)c3ccc(OCCN(C)CCO/N=C/c2ccc(O)c(C(N)=O)c2)cc3)c4ccccc4	7.33
ESR2	CCCCC4=C2c1ccc(O)cc1CC2(Cc3ccccc3)CCC4=O	7.14
ESR2	Oc4cc(c1ccoc1)c3oc(c2ccc(O)c(F)c2)nc3c4	7.28
ESR2	CCCN(Cc1ccccn1)c4cc(c2ccccc2)cc(c3ccc(O)c(C)c3)n4	7.4
ESR2	Oc3ccc(n2cnc1cc(O)cc(O)c1c2=O)nc3	7.48
ESR2	Oc4ccc(c3nc2cc(O)cc(c1nccs1)c2o3)cc4	7.48
ESR2	Oc4ccc([C@H]3Oc1ccc(O)cc1[C@H]2CC(=O)CC[C@H]23)cc4	7.41
ESR2	Oc5ccc4N(C(=O)c2ccc(OCCN1CCCCC1)cc2)C(c3ccccc3)CCc4c5	7.14
ESR2	C[C@H](CCc1ccc(O)cc1)NC(=O)Cc4c(c2ccccc2)[nH]c5cc(OCCCCN3CCCCC3)ccc45	6.58
ESR2	Oc4cc(Cl)c([C@@H]1N=CN[C@@H]1c3ccc(OCCN2CCCCC2)cc3Cl)c(Cl)c4	6.33
ESR2	CN(CCCc1ccc(Cl)cc1)c5nc(NCCc2ccc(O)cc2)nc(N4CCN(C(=O)N3CCOCC3)CC4)n5	5.86
ESR2	Oc2ccc1C4=C(COc1c2)c3ccc(O)cc3OC4c6ccc(OCCN5CCOCC5)cc6	5.96
ESR2	C[C@]45CC[C@H]1[C@@H](CC=C2C[C@@H]3CC[C@]12CCO3)[C@@H]4CC[C@@H]5O	6.57
ESR2	O/N=C/c2ccc(c1ccc(O)cc1)c3occc23	5.89
ESR2	Oc4ccc([C@@H]1N=CN[C@@H]1c3ccc(OCCN2CCCC2)cc3Cl)c(Cl)c4	6.56
ESR2	ClC2(Cl)C5(Cl)C1(Cl)C4(Cl)C(=O)C3(Cl)[C@@]1(Cl)C2(Cl)[C@]3(Cl)C45Cl	6.46
ESR2	CN4CCN(c3nc(NCCCCc1ccccc1)nc(NCCc2ccc(O)cc2)n3)CC4	6.54
ESR2	CCC4=N[C@H](c2ccc(OCCN1CCCCC1)cc2)[C@H](c3ccc(O)cc3)N4	7.43
ESR2	COc6ccc5c(C(=O)c2ccc(OCCN1CCCCC1)cc2)c(c4ccc3OCOc3c4)sc5c6	7.3
ESR2	Oc6ccc(c3sc2cc(O)c1ccccc1c2c3C(=O)c5ccc(OCCN4CCCCC4)cc5)cc6	7.4
ESR2	CC/C(=C(\Cc1ccccc1)c2ccc(OCN(C)C)cc2)c3ccccc3	6.22
ESR2	CCC3=C(c1ccc(O)cc1)C(C(=O)Nc2ccc(OCCN(C)C)cc2)c4cc(O)ccc34	7.15
ESR2	Oc4ccc3cc(c2nc1cc(O)ccc1o2)ccc3c4	7.32
ESR2	COc2ccc(CCCc1ccc(O)cc1)c(O)c2	7.11
ESR2	Oc4ccc3c(c1ccccc1)c(C(=O)c2ccccc2Cl)oc3c4	7.47
ESR2	CC5=C3c2ccc1[nH]ncc1c2CC3(Cc4ccccc4F)CCC5=O	6.68
ESR2	Oc4ccc3c(=O)n(c1ccc(O)c2ccccc12)c(=O)c3c4	7.11
ESR2	Oc4ccc([C@H]2Oc1cc(O)ccc1C(=O)[C@H]2c3ccc(O)cc3)cc4	7.3
ESR2	CC4=CC(C)(C)Nc5ccc3c1cc(F)ccc1oc(=C2SCCCS2)c3c45	7.3
ESR2	CC(C)CN(C)c3cc(c1ccccc1)cc(c2ccc(O)c(C)c2)n3	7.15
ESR2	C[C@H]2CCCC(=O)CCCCCc1cc(O)cc(O)c1C(=O)O2	6.08
ESR2	CC[C@@]24C[C@H](O)[C@](O)(c1ccccc1)C[C@H]2CCc3cc(O)ccc34	6.99
ESR2	CN(CCc1ccccc1)c4cc(c2ccccc2)cc(c3ccc(O)c(C)c3)n4	6.79
ESR2	Oc3ccc(C2=COc1cc(O)ccc1C2)cc3	6.73
ESR2	Oc3ccc2c(=O)c1cc(O)ccc1c(=O)c2c3	6.94
ESR2	Oc4ccc(c3ccc2c(c1ccccc1)c(O)ccc2c3)cc4	6.79
ESR2	Oc4cc(O)c3c(=O)c2sc1ccccc1c2oc3c4	6.96
ESR2	COC(=O)C2=C(N)Oc1cc(O)ccc1C2c4ccc(OCc3ccccc3F)cc4	6.96
ESR2	CN(CCCC1CCCCC1)c4nc(NCCc2ccc(O)cc2)nc(N3CCNCC3)n4	7.06
ESR2	CN(C)CCOc4ccc(C2=C(c1cccs1)CCOc3ccccc23)cc4	6.94
ESR2	COc1ccccc1Cc3c(C(=O)c2ccc(C)cc2C)oc4cc(O)ccc34	6.77
ESR2	Oc4ccc2c(ccc3c1ccccc1ccc23)c4O	7.05
ESR2	CN(CCCc1ccc(Cl)cc1)c5nc(NCCc2ccc(O)cc2)nc(N4CCN(c3ccccc3)CC4)n5	6.77
ESR2	Oc3ccc(c2cc1ccccc1oc2=O)cc3	7.0
ESR2	OC(=O)COc3ccc(C(Cc1ccccc1)c2ccc(O)cc2)cc3	6.75
ESR2	CC(C)[C@@H]4[C@@H](c2ccc(OCCN1CCCCC1)cc2)Oc3cc(O)ccc3C4=O	7.03
ESR2	Oc3ccc(n2c(=S)[nH]c1cc(O)cc(O)c1c2=O)cc3	6.75
MAPK1	Cn1ccnc1Sc2ccc(cc2Cl)Nc3c4cc(c(cc4ncc3C#N)OCCCN5CCOCC5)OC	8.05
MAPK1	C[C@@]12[C@@H]([C@@H](CC(O1)n3c4ccccc4c5c3c6n2c7ccccc7c6c8c5C(=O)NC8)NC)OC	8.22
MAPK1	Cc1cnc(nc1c2cc([nH]c2)C(=O)N[C@H](CO)c3cccc(c3)Cl)Nc4cccc5c4OC(O5)(F)F	7.05
MAPK1	Cc1cnc(nc1c2cc([nH]c2)C(=O)N[C@H](CO)c3cccc(c3)Cl)Nc4cccc5c4OCO5	8.22
MAPK1	Cc1cnc(nc1c2cc([nH]c2)C(=O)N[C@H](CO)c3cccc(c3)Cl)Nc4cccc5c4CCC5	8.22
MAPK1	CCc1ccccc1Nc2ncc(c(n2)c3cc([nH]c3)C(=O)N[C@H](CO)c4cccc(c4)Cl)C	8.15
MAPK1	Cc1cnc(nc1c2cc([nH]c2)C(=O)N[C@H](CO)c3cccc(c3)Cl)Nc4ccc(cc4Cl)F	7.66
MAPK1	Cc1cccc(c1C)Nc2ncc(c(n2)c3cc([nH]c3)C(=O)N[C@H](CO)c4cccc(c4)Cl)C	7.62
MAPK1	Cc1ccccc1Nc2ncc(c(n2)c3cc([nH]c3)C(=O)N[C@H](CO)c4cccc(c4)Cl)C	7.36
MAPK1	Cc1cccc(c1)[C@@H](CO)NC(=O)c2cc(c[nH]2)c3c(cnc(n3)Nc4ccccc4)C	7.85
MAPK1	Cc1cnc(nc1c2cc([nH]c2)C(=O)N[C@H](CO)c3cccc(c3)Cl)Nc4ccccc4	7.2
MAPK1	Cc1cnc(nc1c2cc([nH]c2)C(=O)N[C@H](CO)c3cccc(c3)F)Nc4ccccc4	7.46
MAPK1	Cc1cnc(nc1c2cc([nH]c2)C(=O)N[C@H](CO)c3ccccc3)Nc4ccccc4F	7.0
MAPK1	Cc1ccccc1Nc2ncc(c(n2)c3cc([nH]c3)C(=O)N[C@H](CO)c4ccccc4)C	6.77
MAPK1	Cc1cnc(nc1c2cc([nH]c2)C(=O)N[C@H](CO)c3ccccc3)Nc4ccccc4Cl	7.4
MAPK1	Cc1cnc(nc1c2cc([nH]c2)C(=O)N[C@H](CO)c3ccccc3)Nc4ccccc4	6.8
MAPK1	Cc1cnc(nc1c2cc([nH]c2)C(=O)N[C@H](CO)c3cccc(c3)Cl)Nc4cccc(c4OC)OC	6.64
MAPK1	CCc1ccccc1Nc2ncc(c(n2)c3cc([nH]c3)C(=O)N[C@H](CO)c4ccccc4)C	7.07
MAPK1	Cc1cnc(nc1c2cc([nH]c2)C(=O)N[C@H](CO)c3ccccc3)Nc4ccccc4O	6.7
MAPK1	Cc1cnc(nc1c2cc([nH]c2)C(=O)N[C@H](CO)c3ccccc3)Nc4ccccc4C(F)(F)F	6.66
MAPK1	Cc1cnc(nc1c2cc([nH]c2)C(=O)N[C@H](CO)c3cccc(c3)Cl)Nc4ccc(cc4F)Cl	6.68
MAPK1	Cc1cc(ccc1Nc2ncc(c(n2)c3cc([nH]c3)C(=O)N[C@H](CO)c4cccc(c4)Cl)C)Cl	8.52
MAPK1	c1c\2c([nH]c1Br)C(=O)NCC/C2=C\3/C(=O)NC(=N3)N	7.82
MAPK1	c1c\2c([nH]c1Br)C(=O)NCC/C2=C/3\C(=O)N=C(N3)N	7.89
MAPK1	c1cc(cc(c1)Cl)c2cn[nH]c2c3cc([nH]c3)C(=O)NC(CO)c4ccc(c(c4)Cl)F	8.3
MAPK1	c1cc(cc(c1)Cl)c2cn[nH]c2c3cc([nH]c3)C(=O)NC(CO)c4cc(cc(c4)Cl)Cl	8.3
MAPK1	Cc1cnc(nc1c2cc([nH]c2)C(=O)N[C@H](CO)c3cccc(c3)Cl)Nc4cccc5c4CCCC5	7.47
MAPK1	c1cc(cc(c1)Cl)c2cn[nH]c2c3cc([nH]c3)C(=O)NC(CO)c4ccc(cc4)Cl	8.4
MAPK1	Cc1cnc(nc1c2cc([nH]c2)C(=O)N[C@H](CO)c3cccc(c3)Cl)Nc4cccc5c4OCCO5	8.4
MAPK1	c1cc(cc(c1)Cl)c2cn[nH]c2c3cc([nH]c3)C(=O)NC(CO)c4ccc(c(c4)F)F	8.52
MAPK1	c1cc(cc(c1)Cl)c2cn[nH]c2c3cc([nH]c3)C(=O)NC(CO)c4cccc(c4)F	6.67
MAPK1	Cc1cnc(nc1c2cc([nH]c2)C(=O)N[C@H](CO)c3cccc(c3)Cl)Nc4cccc(c4C)F	6.65
MAPK1	c1ccc(cc1)[C@@H](CO)NC(=O)c2cc(c[nH]2)c3c(cn[nH]3)c4cccc(c4)Cl	7.3
MAPK1	c1cc(cc(c1)Cl)c2cn[nH]c2c3cc([nH]c3)C(=O)NCc4ccc(c(c4)F)F	5.7
MAPK1	c1cc(cc(c1)Cl)c2cn[nH]c2c3cc([nH]c3)C(=O)NC(CO)c4ccc(cc4)C(F)(F)F	6.08
MAPK1	Cn1cc(c2c1nccc2c3ccc(cc3)C(=O)NCCO)/C=C\4/C(=O)c5c(cccc5O4)O	6.27
MAPK1	c1cc(cc(c1)Cl)c2cn[nH]c2c3cc([nH]c3)C(=O)NC(CO)c4ccc(cc4)F	6.08
MAPK1	c1ccc(cc1)CNC(=O)c2cc(c[nH]2)c3c(cn[nH]3)c4cccc(c4)Cl	5.72
MAPK1	c1ccc2c(c1)C3=C(CCNC(=O)C3=N2)c4c([nH]c(n4)N)O	6.25
MAPK1	Cc1c2cc(c(cc2oc(=O)c1Cc3ccccc3)OC(=O)N(C)C)Cl	6.55
MAPK1	C[C@H](c1ccccc1)NC(=O)c2cc(c[nH]2)c3c(cn[nH]3)c4cccc(c4)Cl	6.42
MAPK1	c1cc(cc(c1)Cl)c2cn[nH]c2c3cc([nH]c3)C(=O)NCc4ccncc4	6.04
MAPK1	c1ccc(cc1)CONC(=O)c2cc(c[nH]2)c3c(cn[nH]3)c4cccc(c4)Cl	6.04
MAPK1	Cc1c2ccc(cc2oc(=O)c1Cc3ccc(cc3)F)OC(=O)N(C)C	6.58
MAPK1	c1cc(cc(c1)Cl)c2cn[nH]c2c3cc([nH]c3)C(=O)N4CCCC4	6.62
MAPK1	CC1CNC(=O)c2c1c3cc(ccc3[nH]2)C(=O)Nc4cccnc4	6.29
MAPK1	CC(=O)N1CCC(CC1)Nc2ncc3c(n2)-c4c(c(nn4C)C(=O)N)CC3	6.18
MAPK1	c1ccc(cc1)[C@@H]2C[C@H]2NC3=NC(=O)/C(=C/c4ccc5c(c4)cccn5)/S3	6.48
MAPK1	Cn1c-2c(c(n1)C(=O)N)CCc3c2nc(nc3)NC4CCN(CC4)C(=O)c5ccccc5	6.29
MAPK1	c1cc(cc(c1)Cl)c2cn[nH]c2c3cc([nH]c3)C(=O)NCc4cccnc4	6.31
MAPK1	c1ccc(c(c1)C(CO)NC(=O)c2cc(c[nH]2)c3c(cn[nH]3)c4cccc(c4)Cl)F	6.36
MAPK1	Cc1c2cc(ccc2[nH]n1)c3cc(cnc3)OC[C@H](Cc4ccccc4)N	6.37
MAPK1	CCCCNC(=O)N1Cc2c(n[nH]c2NC(=O)Cc3ccc(cc3)N4CCCC4)C1	6.06
MAPK1	c1ccc(cc1)c2c(c3ccccn3n2)c4cc5c(n[nH]c5nn4)N	6.24
MAPK1	c1cc(cc(c1)Cl)c2cn[nH]c2c3cc([nH]c3)C(=O)NCCc4cccnc4	6.35
MAPK1	COc1cc2c(cc1OCCCN3CCOCC3)ncc(c2Nc4ccc(cc4)Oc5ccccc5)C#N	6.29
MAPK1	CCCCNC(=O)N1Cc2c(n[nH]c2NC(=O)[C@@H](C)c3ccc4ccccc4c3)C1	6.08
MAPK1	c1cc(cc(c1)Cl)c2cn[nH]c2c3cc([nH]c3)C(=O)NCC4CCCO4	6.05
MAPK1	CN(Cc1ccccc1)C(=O)c2cc(c[nH]2)c3c(cn[nH]3)c4cccc(c4)Cl	6.25
MAPK1	CNC(=O)Nc1ccc(cn1)CNc2c(cnn2C)C(=O)Nc3ccc4c(c3)OC(C(O4)(F)F)(F)F	6.51
MAPK1	COc1ccc(cc1)CNC(=O)c2cc(c[nH]2)c3c(cn[nH]3)c4cccc(c4)Cl	6.51
MAPK1	CNC(=O)Nc1ccc(cn1)CNc2c(scn2)C(=O)Nc3ccc4c(c3)OC(O4)(F)F	6.28
MAPK1	c1ccc(cc1)[C@@H](C(=O)N)NC(=O)c2cc(c[nH]2)c3c(cn[nH]3)c4cccc(c4)Cl	6.07
MAPK1	c1ccc2c(c1)CCN(C2)C(=O)c3cc(c[nH]3)c4c(cn[nH]4)c5cccc(c5)Cl	6.17
MAPK1	c1c(c2c(ncnc2n1[C@H]3[C@@H]([C@@H]([C@H](O3)CO)O)O)N)I	6.21
MAPK1	c1c2c([nH]c1Br)C(=O)NCCC2=O	6.07
MAPK1	CC1CNC(=O)c2c1c3cc(ccc3[nH]2)C(=O)Nc4nc(cs4)C(=O)N	5.92
MAPK1	C=CCn1c2c(cc(nn2)c3c4ccccn4nc3c5ccccc5)c(n1)N	5.92
MAPK1	CCN(C)C(=O)c1cc(c[nH]1)c2c(cn[nH]2)c3cccc(c3)Cl	6.48
MAPK1	c1ccc2c(c1)c(c[nH]2)c3c(cnc(n3)N)c4ccc(cc4)C(F)(F)F	
MAPK1	CNC(=O)c1c2c(n(n1)C)-c3c(cnc(n3)NC4CCN(CC4)C(=O)C5CCN(CC5)S(=O)(=O)C)CC2	
MAPK1	C[C@@H](c1ccccc1)NC(=O)c2cc(c[nH]2)c3c(cn[nH]3)c4cccc(c4)Cl	
MAPK1	Cc1cnc(nc1c2cc([nH]c2)C(=O)N[C@@H](CO)c3ccccc3)Nc4ccccc4	
MAPK1	CCNC(=O)Nc1ccc(cn1)CNc2c(scn2)C(=O)Nc3ccc4c(c3)OC(O4)(F)F	
MAPK1	c1c[nH]c2c1/C(=C\3/C(=O)N=C(N3)N)/CCNC2=O	
MAPK1	c1cnc(nc1c2cc3c([nH]2)[C@H](CNC3=O)CCF)N	
MAPK1	c1cc(cc(c1)Cl)c2cn[nH]c2c3cc([nH]c3)C(=O)N4CCOCC4	
MAPK1	CNC(=O)Nc1ccc(cn1)CNc2c(cnn2C)C(=O)Nc3ccc(cc3)SC(F)(F)F	
MAPK1	c1ccc2c(c1)c(c[nH]2)C[C@@H](COc3cc(cnc3)c4ccc5cnccc5c4)N	
MAPK10	Clc1ccccc1Nc5ccc4c(c3cccc(C(=O)NC2CCNCC2)c3)[nH]nc4c5	7.96
MAPK10	CCCn3c(C1CCN(C)CC1)nc(c2ccc(Cl)c(Cl)c2)c3c5ccnc(NC4CC4)n5	8.6
MAPK10	CN(C)CCNC(=O)c4ccc(c2n[nH]c3cc(Nc1ccccc1Cl)ccc23)cc4	8.72
MAPK10	CCCn3c(C1CCNCC1)nc(c2ccc(Cl)c(Cl)c2)c3c5ccnc(NC4CCCCC4)n5	8.48
MAPK10	CCCNc4nccc(c3c(c1ccc(F)cc1)nc2CC[C@@H](CO)n23)n4	8.47
MAPK10	CN(C1CCCCC1)c4nccc(c2cnc3ccccn23)n4	8.85
MAPK10	COc4ccc(CCNc3nccc(C(\C#N)=c2/[nH]c1ccccc1s2)n3)cc4	7.35
MAPK10	NC(=O)c4cccc(c2[nH]nc3cc(Nc1ccccc1Cl)ccc23)c4	7.21
MAPK10	Clc1ccccc1Nc5ccc4c(c3cccc(C(=O)NCCCN2CCOCC2)c3)[nH]nc4c5	7.77
MAPK10	CS(=O)(=O)Nc4ccc(c3ccnc(Nc2ccc(n1ccnn1)cc2)n3)cc4	7.75
MAPK10	CCNC(=O)N5CCC(Nc4nccc(c2c(c1ccccc1)[nH]c3ccccc23)n4)CC5	7.36
MAPK10	CN(C)c3c(c2ccnc(NC1CCC(O)CC1)n2)cnn3Cc4ccccc4	7.48
MAPK10	Fc4ccc(Nc3cc(c2ccnc(NC(=O)C1CCOCC1)c2)ccn3)cc4	7.7
MAPK10	Fc6ccc(c3nc2CC[C@@H](Cn1ccnc1)n2c3c5ccnc(NC4CCC4)n5)cc6	7.82
MAPK10	CS(=O)(=O)Nc3ccc(c2ccnc(Nc1ccc(S(N)(=O)=O)cc1)n2)cc3	8.22
MAPK10	CCCNc5nccc(c4c(c1ccc(F)cc1)nc3CC[C@@H](Cc2ccc(OC)cc2)n34)n5	7.75
MAPK10	CCCNc5nccc(c4c(c1ccc(F)cc1)nc3CC[C@@H](COCc2ccc(OC)cc2)n34)n5	7.43
MAPK10	CNC(=O)CN4CCC(Nc3ncc(Cl)c(c1c[nH]c2ccccc12)n3)CC4	6.1
MAPK10	COC4CCC(C(=O)Nc3cc(c2ccnc(Nc1ccc(F)cc1)c2)ccn3)CC4	7.23
MAPK10	OC4CCC(c1n[nH]cc1c3ccnc(NC2CCCC2)n3)CC4	8.7
MAPK10	OC4CCC(Nc3nccc(c1c[nH]nc1C2CCCOC2)n3)CC4	8.3
MAPK10	Fc4ccc(Nc3cc(c2ccnc(Nc1ccc(F)cc1)c2)ccn3)cc4	7.32
MAPK10	O=C(Nc3cc(c2ccnc(Nc1ccccc1)c2)ccn3)c4ccco4	7.85
MAPK10	COc1cc(S(C)(=O)=O)c(OC)cc1CC(=O)Nc2cc(N)c(C#N)c(OC(C)C)n2	7.51
MAPK10	Cn2c(=O)c(Oc1ccc(F)cc1F)cc3cnc(NC(CCO)CCO)nc23	8.51
MAPK10	COCCC(=O)Nc3cc(c2ccnc(Nc1ccccc1)c2)ccn3	7.16
MAPK10	O=c2c1ccccc1c4n[nH]c3cccc2c34	8.72
MAPK10	C5CCC(Nc4nccc(c2c(CN1CCCCC1)onc2c3ccccc3)n4)CC5	7.48
MAPK10	COC(=O)c3c(c1ccccc1)c2cc(Br)ccc2c(=O)n3Cc4ccc(S(C)(=O)=O)cc4	7.77
MAPK10	CNC(=O)CN4CCC[C@@H](Nc3ncc(Cl)c(c1c[nH]c2ccccc12)n3)C4	8.8
MAPK10	Cc4cnc(C(=O)Nc3cc(c2ccnc(Nc1ccccc1)c2)ccn3)cn4	7.16
MAPK10	CS(=O)c4ccc(c3nc(c1ccc(F)cc1)c(c2ccncc2)[nH]3)cc4	7.28
MAPK10	CCOc2nc(C(=O)NCc1ccccc1S(N)(=O)=O)cc(N)c2C#N	8.15
MAPK10	CC(=O)N4CCC(C(=O)Nc3cc(c2ccnc(Nc1ccccc1)c2)ccn3)CC4	7.05
MAPK10	CC5CCN(C(=O)N4CCC(Nc3ncc(Cl)c(c1c[nH]c2ccccc12)n3)CC4)CC5	7.16
MAPK10	COc3cc2CCN=C(c1ccc(Cl)c(Cl)c1)c2cc3Cl	7.52
MAPK10	O=C(Nc4ccc3[nH]nc(c2cc1ccccc1s2)c3c4)C5CCOC5	7.52
MAPK10	Fc1ccc(Br)cc1c5nc(Nc2ccncc2C(=O)NCCCN3CCCC3=O)c4nccnc4n5	8.52
MAPK10	Cc5ccc(n1nc(C(C)(C)C)cc1NC(=O)Nc3ccc(OCCN2CCOCC2)c4ccccc34)cc5	7.8
MAPK10	Cn4cnc(CCNc3nccc(C(\C#N)=c2/[nH]c1ccccc1s2)n3)c4	7.0
MAPK10	N#C/C(c2ccnc(NCCc1cccnc1)n2)=c4/[nH]c3ccccc3s4	7.05
MAPK10	N#CC(c2ccnc(NCCc1c[nH]cn1)n2)c4nc3ccccc3s4	6.96
MAPK10	N#CC(c2ccnc(NCCc1cccnc1)n2)c4nc3ccccc3s4	7.46
MAPK10	OCC(=O)N5CCN(c4cc(c1ccncc1)c(c2cccc3ccccc23)nn4)C[C@@H]5Cc6ccccc6	6.54
MAPK10	Cc5ncn(c4ccc(Nc3nccc(c2cc(C#N)cc(N1CCOCC1)c2)n3)cc4)n5	8.15
MAPK10	N#Cc6cc(N1CCOCC1)cc(c5ccnc(Nc4ccc(n3cnc(c2ccccn2)n3)cc4)n5)c6	8.4
MAPK10	C6CCN([C@H](CNc4cc(c1ccncc1)c(c2cccc3ccccc23)nn4)Cc5ccccc5)C6	7.1
MAPK10	C6CN(c5cccc(c4ccnc(Nc3ccc(n2cnc(c1cccnc1)n2)cc3)n4)c5)CCO6	7.07
MAPK10	Cc4ccc3c(=N\O)\c(=O)n(Cc2cc(F)cc1COCOc12)c3c4	7.1
MAPK10	COc2cc(N1CCN(C(C)C)CC1)ccc2Nc5nc(Nc3cccc(F)c3C(N)=O)c4cc[nH]c4n5	6.92
MAPK10	CN[C@@H]1CC5O[C@@](C)([C@@H]1OC)n7c2ccccc2c8c3CNC(=O)c3c6c4ccccc4n5c6c78	7.58
MAPK10	CS(=O)(=O)Nc4ccc(c3cnc2cccc(Nc1ccc(Cl)cn1)c2c3)cc4	8.9
MAPK10	Fc4ccc(c2ncn(CCCNC(=O)c1ccccc1)c2c3ccncc3)cc4	6.5
MAPK10	CN6CCN(c5ncn(c4ccc(Nc3nccc(c2cc(F)cc(N1CCOCC1)c2)n3)cc4)n5)CC6	7.3
MAPK10	Cn5nnc(c4ccc(Nc3nccc(c2cc(C#N)cc(N1CCOCC1)c2)n3)cc4)n5	7.16
MAPK10	Cn1cncc1CCNc4nccc(C(\C#N)=c3/[nH]c2ccccc2s3)n4	8.6
MAPK10	Cc2ccc(C(=O)Nc1cccc(C(F)(F)F)c1)cc2c5ccc4nc(NCCN3CCOCC3)ncc4c5	7.96
MAPK10	N#C/C(c2ccnc(NCCCn1ccnc1)n2)=c4/[nH]c3ccccc3s4	8.3
MAPK10	Fc6cc(N1CCOCC1)cc(c5ccnc(Nc4ccc(n3cnc(N2CCOCC2)n3)cc4)n5)c6	7.8
MAPK10	Clc5ccc(C(=O)NCc4ccc(S(=O)(=O)N3CCC(n1nnc2ccccc12)CC3)s4)cc5	7.72
MAPK10	O=C(Nc3cc(c2ccnc(Nc1ccccc1)c2)ccn3)c4cccnc4	7.21
MAPK10	O=C3C1C=CC=C2NN=C(C12)c4ccccc34	8.8
MAPK10	O/N=c4\c(=O)n(Cc2cc(F)cc1COCOc12)c5cc(c3ccccc3)ccc45	7.72
MAPK10	CC(=O)N1CCCCC1C(=O)Nc4cc(c3ccnc(Nc2ccccc2)c3)ccn4	6.96
MAPK10	CS(=O)(=O)N(c4ccc(c3cnc2ccc1ccncc1c2c3)cc4)S(C)(=O)=O	7.46
MAPK10	OCC(=O)N[C@H](CNc4cc(c1ccncc1)c(c2cccc3ccccc23)nn4)Cc5ccccc5	5.85
MAPK10	N#C/C(c2ccnc(NCCc1ccccn1)n2)=c4/[nH]c3ccccc3s4	7.4
MAPK10	Clc3nccc(C(\C#N)=c2/[nH]c1ccccc1s2)n3	9.1
MAPK10	NCc5ccc(c4cnc3[nH]cc(c2cccc(NC(=O)Nc1ccc(C(F)(F)F)cc1F)c2)c3c4)cc5	7.6
MAPK10	CNC(=O)CN4CCC(Nc3nccc(c1cnc2ccccn12)n3)CC4	8.4
MAPK10	N(c2ccc(n1cncn1)cc2)c4nccc(c3ccccc3)n4	5.85
MAPK10	N#C/C(c2ccnc(NCc1cccnc1)n2)=c4/[nH]c3ccccc3s4	7.66
MAPK10	N#C/C(c2ccnc(NCc1ccncc1)n2)=c4/[nH]c3ccccc3s4	7.05
MAPK10	CS(=O)(=O)c3ccc(CNC(=O)c2cc(N)c(C#N)c(/C=C/c1ccccc1)n2)cc3	7.04
MAPK10	C5CN(c4cccc(c3ccnc(Nc2ccc(n1ccnn1)cc2)n3)c4)CCO5	7.05
MAPK10	N#C/C(c2ccnc(NCCn1cncn1)n2)=c4/[nH]c3ccccc3s4	7.05
MAPK10	NC2=CC=C1SN=C3C1C2C(=O)c4ccccc34	6.14
MAPK10	N#C/C(c2ccnc(NCCCN1CCOCC1)n2)=c4/[nH]c3ccccc3s4	7.05
MAPK10	N#C/C(c3ccnc(NCCn1ccc2ccccc12)n3)=c5/[nH]c4ccccc4s5	7.16
MAPK10	CN4CCN(CCCNc3nccc(C(\C#N)=c2/[nH]c1ccccc1s2)n3)CC4	7.05
MAPK10	CS(=O)(=O)c3ccc(CNC(=O)c2cc(N)c(C#N)c(NC1CCCC1)n2)cc3	7.05
MAPK10	CS(=O)(=O)Nc4ccc(c3cnc2cccc(Nc1ncccn1)c2c3)cc4	7.05
MAPK10	CS(=O)(=O)c3ccc(CNC(=O)c2cc(N)c(C#N)c(OCC1CCCC1)n2)cc3	7.05
MAPK10	CCOc1nc(NC(C)=O)cc(N)c1C#N	6.14
MAPK10	CC(C)c2onc(c1ccc(F)cc1)c2c3ccncc3	6.89
MAPK10	Clc4cccc(c1cn[nH]c1c3c[nH]c(C(=O)NCc2ccccc2)c3)c4	6.76
MAPK10	C[C@H](Nc4nccc(c2cc(C1CCN(C(=O)C(C)=O)CC1)nnc2c3cccc(C(F)(F)F)c3)n4)c5ccccc5	6.68
MAPK10	CS(=O)(=O)c3ccc(CNC(=O)c2cc(N)c(C#N)c(OCC1CC1)n2)cc3	6.28
MAPK10	CCNC(=O)N4CCC(Nc3ncc(Cl)c(c1c[nH]c2ccccc12)n3)C4	6.84
MAPK10	N#C/C(c2ccnc(NCCCn1cccn1)n2)=c4/[nH]c3ccccc3s4	6.82
MAPK10	CS(=O)(=O)c3ccc(CNC(=O)c2cc(N)c(C#N)c(c1ccsc1)n2)cc3	6.26
MAPK10	CS(=O)(=O)c3ccc(CNC(=O)c2cc(N)c(C#N)c(NC1CCC1)n2)cc3	6.27
MAPK10	N#C/C(c2ccnc(NCc1ccccn1)n2)=c4/[nH]c3ccccc3s4	6.24
MAPK10	CC(C)C[C@H]5CN(c4cc(c1ccncc1)c(c2cccc3ccccc23)nn4)CCN5	6.68
MAPK10	Oc3nc(O)c(C(=O)Nc1ccccc1)c(Nc2ccccc2)n3	6.92
MAPK10	O/N=c4\c(=O)n(Cc2cc(F)cc1COCOc12)c5cccc(/C=C/c3ccccc3)c45	6.12
MAPK10	N#C/C(c2ccnc(NCCN1CCOCC1)n2)=c4/[nH]c3ccccc3s4	6.32
MAPK10	CS(=O)(=O)Nc4ccc(c3cnc2cccc(Nc1ncc(N(=O)=O)s1)c2c3)cc4	6.4
MAPK10	CCN4CCN(Cc3ccc(NC(=O)Nc2ccc(Oc1cc(NC)ncn1)cc2)cc3C(F)(F)F)CC4	6.82
MAPK10	NC(=O)N(c2ccc(C(N)=O)c(c1ccc(F)cc1F)n2)c3c(F)cccc3F	6.27
MAPK10	Cc2ccc(C(=O)NC1CC1)cc2c5ccc4nc(NCCN3CCOCC3)ncc4c5	6.57
MAPK10	COc3cc(Cn1c(=O)/c(=N\O)c2cc(F)ccc12)cc(OC)c3	6.6
MAPK10	Cn3n1C(=O)NCCc1c4c(=O)c2cc(Cl)ccc2n(=O)c34	6.7
MAPK10	CNc3nccc(C(C#N)c2nc1ccccc1s2)n3	6.13
XIAP	C[C@@H](C(=O)N[C@H]1CCCC[C@H]2[C@H](C[C@H](N2C1=O)C(=O)N[C@@H]3CCCc4c3cccc4)Cc5ccccc5)NC	7.62
XIAP	CC(C(=O)N[C@H](C(=O)N1C[C@H](C[C@H]1C(=O)NC2CCCc3c2cccc3)Oc4ccccc4)C(C)(C)C)NC	7.09
XIAP	CC(C(=O)N[C@@H](C1CCCCC1)C(=O)N2C[C@H](C[C@H]2C(=O)NC3CCCc4c3cccc4)Oc5ccccc5)NC	7.55
XIAP	C[C@@H](C(=O)N[C@H](C(=O)N1CCC[C@H]1C(=O)NC2CCCc3c2cccc3)C(C)(C)C)NC	7.22
XIAP	CC(C(=O)N[C@@H](C1CCCCC1)C(=O)N2CCC[C@H]2C(=O)NC3CCCc4c3cccc4)NC	7.4
XIAP	C[C@@H](C(=O)N[C@H]1CCCC[C@H]2CC[C@H](N2C1=O)C(=O)NC(c3ccccc3)c4ccccc4)N	5.3
XIAP	C[C@@H](C(=O)N[C@H]1CCCC[C@H]2CC[C@H](N2C1=O)C(=O)N[C@@H]3CCCC4C3C=CC=C4)NC	5.75
XIAP	C[C@@H](C(=O)N[C@H]1CCCC[C@H]2CC[C@H](N2C1=O)C(=O)N[C@@H]3CCCc4c3cccc4)NC	7.4
XIAP	C[C@@H](C(=O)N[C@H]1CCCC[C@H]2CC[C@H](N2C1=O)C(=O)N[C@@H]3CCc4c3cccc4)NC	7.22
XIAP	C[C@@H](C(=O)N[C@H]1Cc2ccccc2[C@H]3CC[C@H](N3C1=O)C(=O)N[C@@H]4CCCc5c4cccc5)NC	7.05
XIAP	C[C@@H](C(=O)N[C@H](C(=O)N1CCC[C@H]1C(=O)N[C@@H]2CCc3c2cccc3)C(C)(C)C)NC	6.92
XIAP	CC[C@@H](C(=O)N[C@@H](C(C)C)C(=O)N1CCC[C@H]1C(=O)NC(c2ccccc2)c3ccccc3)N	7.22
XIAP	CC[C@@H](C(=O)N[C@H]1CCC[C@H]2CC[C@H](N2C1=O)C(=O)NC(c3ccccc3)c4ccccc4)N	6.92
XIAP	C[C@@H](C(=O)N[C@H]1CCCC[C@H]2CC[C@H](N2C1=O)C(=O)NC(c3ccccc3)c4ccccc4)NC	7.22
XIAP	C[C@@H](C(=O)N[C@@H](C(C)C)C(=O)N1CCC[C@H]1C(=O)NC(c2ccccc2)c3ccccc3)N	7.52
XIAP	C[C@@H](C(=O)N[C@@H](C(C)C)C(=O)N1CCC[C@H]1C(=O)N[C@@H](c2ccccc2)C(=O)N[C@@H](Cc3ccc(cc3)O)C(=O)O)N	6.1
XIAP	C[C@@H](C(=O)N[C@H]1Cc2ccccc2[C@H]3CC[C@H](N3C1=O)C(=O)NC(c4ccccc4)c5ccccc5)NC	7.7
XIAP	C[C@@H](C(=O)N[C@H]1CC=CC[C@H]2[C@H](C[C@H](N2C1=O)C(=O)N[C@@H]3CCCc4c3cccc4)Cc5ccccc5)NC	7.4
XIAP	CC[C@@H](C(=O)N[C@H]1[C@H](CC[C@H]2CC[C@H](N2C1=O)C(=O)NC(c3ccccc3)c4ccccc4)CCNCc5ccccc5)N	8.22
XIAP	CC[C@@H](C(=O)N[C@H]1CCCC[C@H]2CC[C@H](N2C1=O)C(=O)NC(c3ccccc3)c4ccccc4)N	7.6
XIAP	CC(C)[C@@H](C(=O)N1CCC[C@H]1C(=O)N[C@@H](Cc2ccccc2)C(=O)N[C@@H](Cc3ccc(cc3)O)C(=O)O)N	7.21
XIAP	CC(C)[C@@H](C(=O)N1CCC[C@H]1C(=O)N[C@@H](Cc2ccccc2)C(=O)N[C@@H](Cc3ccc(cc3)O)C(=O)O)NC	7.4
XIAP	C[C@@H](C(=O)N[C@H](C(=O)N1CCC[C@H]1C(=O)NC2c3ccccc3-c4c2cccc4)C(C)(C)C)NC	7.21
XIAP	CC[C@H](C)[C@@H](C(=O)O)NC(=O)[C@@H]1CCCN1C(=O)[C@H](C(C)C)NC(=O)[C@H](C)N	7.75
XIAP	CC[C@@H](C(=O)N[C@H]1CCCC[C@H]2CC[C@H](N2C1=O)C(=O)N[C@@H](c3ccccc3)c4ccc5ccccc5c4)N	7.52
XIAP	CC[C@@H](C(=O)N[C@H]1[C@H](CC[C@H]2CC[C@H](N2C1=O)C(=O)NC(c3ccccc3)c4ccccc4)CN)NC	5.58
XIAP	CC[C@@H](C(=O)N[C@H]1[C@H](CC[C@H]2CC[C@H](N2C1=O)C(=O)NC(c3ccccc3)c4ccccc4)CNC(=S)N)N	5.85
XIAP	CC[C@@H](C(=O)N[C@H]1[C@H](CC[C@H]2CC[C@H](N2C1=O)C(=O)NC(c3ccccc3)c4ccccc4)CCNCC)N	5.55
XIAP	C[C@@H](C(=O)N[C@@H](C(C)C)C(=O)N1CCC[C@H]1C(=O)N[C@@H](Cc2ccccc2)C(=O)N[C@@H](Cc3ccc(cc3)O)C(=O)O)N	7.0
XIAP	C[C@@H](C(=O)N[C@H]1CCC[C@H]2CC[C@H](N2C1=O)C(=O)NC(c3ccccc3)c4ccccc4)N	7.22
XIAP	CC[C@@H](C(=O)N[C@H]1CCC[C@H]2CC[C@H](N2C1=O)C(=O)NC(c3ccccc3)c4ccccc4)NC	7.6
XIAP	CC[C@@H](C(=O)N[C@H]1CCC[C@H]2CC[C@H](N2C1=O)C(=O)N(c3ccccc3)c4ccccc4)NC	7.21
XIAP	CC[C@@H](C(=O)N[C@H]1CCCC[C@H]2CC[C@H](N2C1=O)C(=O)NC(c3ccccc3)c4ccccc4)NC	7.85
XIAP	CC[C@@H](C(=O)N[C@H]1[C@H](CC[C@H]2CC[C@H](N2C1=O)C(=O)NC(c3ccccc3)c4ccccc4)CCO)N	7.41
XIAP	CC[C@@H](C(=O)N[C@H]1[C@H](CC[C@H]2CC[C@H](N2C1=O)C(=O)NC(c3ccccc3)c4ccccc4)CCNCC)NC	7.33
XIAP	CC[C@@H](C(=O)N[C@H]1[C@H](CC[C@H]2CC[C@H](N2C1=O)C(=O)NC(c3ccccc3)c4ccccc4)CNCc5ccccc5)N	7.58
XIAP	CC[C@@H](C(=O)N[C@@H](C(C)C)C(=O)N1CCC[C@H]1C(=O)NCc2ccccc2)N	7.17
XIAP	CC[C@@H](C(=O)N[C@H]1[C@H](CC[C@H]2CC[C@H](N2C1=O)C(=O)NC(c3ccccc3)c4ccccc4)CNC(=S)NCC)N	7.85
XIAP	CC[C@@H](C(=O)N[C@H]1[C@H](CC[C@H]2CC[C@H](N2C1=O)C(=O)NC(c3ccccc3)c4ccccc4)CCN)NC	7.82
XIAP	CC[C@@H](C(=O)N[C@H]1[C@H](CC[C@H]2CC[C@H](N2C1=O)C(=O)NC(c3ccccc3)c4ccccc4)CCN)N	6.2
XIAP	C[C@@H](C(=O)N[C@H](C(C)C)C(=O)N1CCC[C@H]1C(=O)N[C@@H](Cc2ccccc2)C(=O)N[C@@H](Cc3ccc(cc3)O)C(=O)O)N	5.32
XIAP	CC[C@@H](C(=O)N[C@H]1[C@H](CC[C@H]2CC[C@H](N2C1=O)C(=O)NC(c3ccccc3)c4ccccc4)CNCC)N	6.14
XIAP	C[C@@H](C(=O)N[C@H]1CCCC[C@H]2CC[C@H](N2C1=O)C(=O)NCc3ccccc3)N	7.58
XIAP	CC[C@@H](C(=O)N[C@H]1[C@H](CC[C@H]2CC[C@H](N2C1=O)C(=O)NC(c3ccccc3)c4ccccc4)CCO)NC	7.51
XIAP	C[C@@H](C(=O)N[C@H](C(=O)N1CC[C@@H]2[C@H]1[C@H](CC2)NC(=O)c3c4ccccc4ccc3OC)C(C)(C)C)NC	8.41
XIAP	CC[C@@H](C(=O)N[C@H]1[C@H](CC[C@H]2CC[C@H](N2C1=O)C(=O)NC(c3ccccc3)c4ccccc4)CN)N	7.85
XIAP	CC[C@@H](C(=O)N[C@H]1[C@H](CC[C@H]2CC[C@H](N2C1=O)C(=O)NC(c3ccccc3)c4ccccc4)CN(CC)CC)N	6.85
XIAP	CC[C@@H](C(=O)N[C@H]1[C@H](CC[C@H]2CC[C@H](N2C1=O)C(=O)NC(c3ccccc3)c4ccccc4)CNC(=O)c5ccccc5)N	6.96
XIAP	C[C@@H](C(=O)N[C@@H](C(C)C)C(=O)N1CCC1C(=O)N[C@@H](Cc2ccccc2)C(=O)N[C@@H](Cc3ccc(cc3)O)C(=O)O)N	6.34
XIAP	C[C@@H](C(=O)N[C@H](C(=O)N1CC[C@@H]2[C@H]1[C@H](CC2)NC(=O)c3cccc4c3cccc4)C(C)(C)C)NC	6.28
XIAP	C[C@@H](C(=O)N[C@@H](C(C)C)C(=O)N1CCC[C@H]1C(=O)NCCc2ccccc2)N	6.01
XIAP	C[C@@H](C(=O)N[C@H]1CCC[C@H]2CC[C@H](N2C1=O)C(=O)NCc3ccccc3)N	7.0
XIAP	CC[C@@H](C(=O)N[C@H]1[C@H](CC[C@H]2CC[C@H](N2C1=O)C(=O)NC(c3ccccc3)c4ccccc4)CN(C)Cc5ccccc5)N	6.62
XIAP	CC[C@@H](C(=O)N[C@H]1[C@H](CC[C@H]2CC[C@H](N2C1=O)C(=O)NC(c3ccccc3)c4ccccc4)CNC(=O)CN)N	6.5
XIAP	C[C@@H](C(=O)N[C@H](C(=O)N1CCC[C@H]1C(=O)NCCc2ccccc2)C(C)(C)C)NC	6.43
XIAP	C[C@@H](C(=O)N[C@H](C(=O)N1CC[C@@H]2[C@H]1[C@H](CC2)NC(=O)c3csc4c3cccc4)C(C)(C)C)NC	6.58
XIAP	C[C@@H](C(=O)N[C@@H](C(C)C)C(=O)N1CCC[C@H]1C(=O)NCc2cccs2)N	6.48
XIAP	Cc1cccc(c1)CCc2cccc(c2)CCC3=C(C(=O)C=C(C3=O)O)O	6.66
XIAP	Cc1ccc(c2c1cccc2)C(=O)N[C@H]3CC[C@H]4[C@@H]3N(CC4)C(=O)[C@H](C(C)(C)C)NC(=O)[C@H](C)NC	6.6
XIAP	CC[C@@H](C(=O)N[C@H]1[C@H](CC[C@H]2CC[C@H](N2C1=O)C(=O)NC(c3ccccc3)c4ccccc4)CNC(=O)C)N	6.85
XIAP	CC[C@@H](C(=O)N[C@H]1[C@H](CC[C@H]2CC[C@H](N2C1=O)C(=O)NC(c3ccccc3)c4ccccc4)CNC(=O)NCC)N	6.55
XIAP	CC[C@@H](C(=O)N[C@H]1[C@H](CC[C@H]2CC[C@H](N2C1=O)C(=O)NC(c3ccccc3)c4ccccc4)CO)NC	6.89
XIAP	C[C@@H](C(=O)N[C@H]1CCCC[C@H]2CC[C@H](N2C1=O)C(=O)N[C@H]3CCCc4c3cccc4)NC	6.96
XIAP	C[C@@H](C(=O)N[C@H](C(=O)N1CC[C@@H]2[C@H]1[C@H](CC2)NC(=O)c3ccc(c4c3cccc4)F)C(C)(C)C)NC	7.07
XIAP	C[C@@H](C(=O)N[C@@H](C(C)C)C(=O)N1CCC[C@H]1C(=O)NCc2ccco2)N	7.31
XIAP	CC[C@@H](C(=O)N[C@H]1[C@H](CC[C@H]2CC[C@H](N2C1=O)C(=O)NC(c3ccccc3)c4ccccc4)CN=N#N)N	6.44
XIAP	CC[C@@H](C(=O)N[C@H]1[C@H](CC[C@H]2CC[C@H](N2C1=O)C(=O)NC(c3ccccc3)c4ccccc4)CNS(=O)(=O)C)N	6.38
XIAP	CC[C@@H](C(=O)N[C@H]1[C@H](CC[C@H]2CC[C@H](N2C1=O)C(=O)NC(c3ccccc3)c4ccccc4)CNC(=O)N)N	6.96
XIAP	CC[C@@H](C(=O)N[C@H]1[C@H](CC[C@H]2CC[C@H](N2C1=O)C(=O)NC(c3ccccc3)c4ccccc4)CC#N)N	7.27
XIAP	CC[C@@H](C(=O)N[C@H]1[C@H](CC[C@H]2CC[C@H](N2C1=O)C(=O)NC(c3ccccc3)c4ccccc4)CO)N	7.04
XIAP	C[C@@H](C(=O)N[C@H]1CCCC[C@H]2CC[C@H](N2C1=O)C(=O)N[C@H]3CCCC4C3C=CC=C4)NC	7.14
XIAP	C[C@@H](C(=O)N[C@@H](C(C)C)C(=O)N1CCC[C@H]1C(=O)N[C@@H](CC(C)C)C(=O)N[C@@H](Cc2ccc(cc2)O)C(=O)O)N	6.96
XIAP	C[C@@H](C(=O)N[C@@H](C(C)C)C(=O)N1CCC[C@H]1C(=O)NCc2ccccc2)N	6.96
XIAP	C[C@@H](C(=O)NC(C)C(=O)N1CCC[C@H]1C(=O)N[C@@H](Cc2ccccc2)C(=O)N[C@@H](Cc3ccc(cc3)O)C(=O)O)N	7.08
XIAP	C[C@@H](C(=O)N[C@H]1CCC2CC[C@H](N2C1=O)C(=O)NCc3ccccc3)N	7.27
XIAP	CC[C@@H](C(=O)N[C@H]1[C@H](CC[C@H]2CC[C@H](N2C1=O)C(=O)NC(c3ccccc3)c4ccccc4)COC(=O)C)N	7.07
XIAP	C[C@@H](C(=O)N[C@H](C(=O)N1CC[C@@H]2[C@H]1[C@H](CC2)NC(=O)N(C)c3ccccc3)C(C)(C)C)NC	7.07
XIAP	CC[C@@H](C(=O)NC1CC[C@H]2CC[C@H](N2C1=O)C(=O)NC(c3ccccc3)c4ccccc4)N	7.16
XIAP	CC[C@@H](C(=O)N[C@H]1CC[C@H]2CC[C@H](N2C1)C(=O)NC(c3ccccc3)c4ccccc4)N	7.0
XIAP	CC[C@H](C)[C@@H](C(=O)N[C@@H](Cc1ccc(cc1)O)C(=O)O)NC(=O)[C@@H]2CCCN2C(=O)[C@H](C(C)C)NC(=O)[C@H](C)N	7.25
XIAP	c1ccc(cc1)CCc2cccc(c2)CCC3=C(C(=O)C=C(C3=O)O)O	7.16
XIAP	CC[C@@H](C(=O)N[C@H]1[C@H](CC[C@H]2CC[C@H](N2C1=O)C(=O)NC(c3ccccc3)c4ccccc4)CNC(=N)N)N	7.46
XIAP	CCCCCCCCCCCC1=C(C(=O)C=C(C1=O)O)O	6.72
XIAP	CCCCc1cccc(c1)CCC2=C(C(=O)C=C(C2=O)O)O	6.2
XIAP	C[C@@H](C(=O)N[C@H](C(=O)N1CC[C@@H]2[C@H]1[C@H](CC2)NC(=O)c3ccc4c(c3)cco4)C(C)(C)C)NC	6.61
XIAP	C[C@@H](C(=O)N[C@@H](C(C)C)C(=O)N1CCC[C@H]1C(=O)N[C@@H](Cc2ccccc2)C(=O)O)N	6.39
XIAP	C[C@@H](C(=O)N[C@H](C(=O)N1CC[C@@H]2[C@H]1[C@H](CC2)NC(=O)c3ccccc3)C(C)(C)C)NC	6.09
XIAP	C[C@@H](C(=O)N[C@H](C(=O)N1CC[C@@H]2[C@H]1[C@H](CC2)NC(=O)C(c3ccccc3)c4ccccc4)C(C)(C)C)NC	5.91
XIAP	CC[C@@H](C)[C@@H](C(=O)O)NC(=O)[C@@H]1CCCN1C(=O)[C@@H](CC(=O)[C@H](C)N)C(C)C	5.87
XIAP	C[C@@H](C(=O)N[C@H](C(=O)N1CC[C@@H]2[C@H]1[C@H](CC2)NC(=O)N(C)c3ccc(cc3)F)C(C)(C)C)NC	6.6
XIAP	CC[C@H](C)[C@@H](C(=O)N)NC(=O)[C@@H]1CCCN1C(=O)[C@H](C(C)C)NC(=O)[C@H](C)N	5.91
XIAP	C[C@@H](C(=O)N[C@@H](C(C)C)C(=O)N(C)CC(=O)N[C@@H](Cc1ccccc1)C(=O)N[C@@H](Cc2ccc(cc2)O)C(=O)O)N	4.72
XIAP	C[C@@H](C(=O)N[C@H](C(=O)N1CC[C@@H]2[C@H]1[C@H](CC2)NC(=O)c3coc4c3cccc4)C(C)(C)C)NC	6.2
XIAP	C[C@@H](C(=O)N[C@H]1Cc2ccccc2[C@H]3CCC[C@H](N3C1=O)C(=O)NC(c4ccccc4)c5ccccc5)NC	6.39
XIAP	c1ccc(cc1)CCC2=C(C(=O)C=C(C2=O)O)O	5.09
XIAP	C[C@@H](C(=O)Nc1nc(c(s1)c2ccccc2)c3ccc(cc3)Br)N	6.72
XIAP	CC[C@@H](C(=O)N[C@H]1CCCC[C@H]2CC[C@H](N2C1=O)C(=O)N[C@H](c3ccccc3)c4ccc5ccccc5c4)N	6.24
XIAP	CC[C@@H](C(=O)N[C@H]1CCCC[C@H]2CC[C@H](N2C1=O)C(=O)NC(c3ccccc3)c4ccccc4)N5CCCC5	10.77
XIAP	C[C@@H](C(=O)N[C@@H](C(C)C)C(=O)N1CCC[C@H]1C(=O)N[C@@H](Cc2ccccc2)C(=O)N[C@@H](C(C)C)C(=O)O)N	6.36
XIAP	CCCC[C@@H](C(=O)N[C@@H](Cc1ccc(cc1)O)C(=O)O)NC(=O)[C@@H]2CCCN2C(=O)[C@H](C(C)C)NC(=O)[C@H](C)N	5.25
