uniprot_id	gene	n_actives	auc_fold0	auc_ensemble	delta
O00141	SGK1	27	0.6984324270802391	0.6788924847177273	-0.019539942362511775
O00142	TK2	15	0.5698787391551938	0.6237275985663082	0.05384885941111439
O00187	MASP2	27	0.5006275949711999	0.4158293150132182	-0.08479827995798173
O00206	TLR4	24	0.48532091804772476	0.5510886825258038	0.06576776447807903
O00255	MEN1	10	0.5333487413957695	0.6008662010752148	0.06751745967944534
O00329	PIK3CD	199	0.4748163931430505	0.4594780377533521	-0.01533835538969841
O00398	P2RY10	37	0.5692335297262524	0.5689556203437275	-0.00027790938252492126
O00400	SLC33A1	16	0.4877561326111206	0.5208137580520356	0.03305762544091495
O00408	PDE2A	110	0.4397187181374679	0.40625015431181505	-0.03346856382565283
O00418	EEF2K	27	0.48586757373868666	0.48801315939348866	0.002145585654801996
O00421	CCRL2	39	0.6127186043958253	0.6247482573247003	0.012029652928875034
O00444	PLK4	27	0.8011242362586108	0.8159285539333379	0.014804317674727008
O00459	PIK3R2	27	0.6612159708402849	0.7179094610500266	0.05669349020974168
O00482	NR5A2	31	0.4988097839584426	0.539963181440022	0.04115339748157937
O00519	FAAH	56	0.6447342531700473	0.5874388538855608	-0.05729539928448646
O00571	DDX3X	27	0.48285318223407436	0.3416193737004205	-0.14123380853365386
O00748	CES2	27	0.7226408049891939	0.6686402778987555	-0.054000527090438455
O00763	ACACB	27	0.3100765844539588	0.21989163377935012	-0.09018495067460869
O00767	SCD	27	0.7996847880061613	0.7720568364299898	-0.027627951576171483
O14638	ENPP3	27	0.6486447149877571	0.7196474449886578	0.07100273000090074
O14649	KCNK3	25	0.5510138693467337	0.525961809045226	-0.02505206030150764
O14672	ADAM10	27	0.4197363356642939	0.311650038750081	-0.1080862969142129
O14733	MAP2K7	27	0.5062461705911826	0.5637541197552454	0.057507949164062766
O14744	PRMT5	132	0.5729071677201827	0.6213930299341243	0.04848586221394158
O14746	TERT	27	0.48854136654896463	0.41196398513128496	-0.07657738141767967
O14757	CHEK1	239	0.38776698261570874	0.3726678779371744	-0.01509910467853437
O14842	FFAR1	39	0.7219930957944346	0.6386319270795477	-0.08336116871488686
O14843	FFAR3	16	0.37906119044508535	0.5384506677787939	0.15938947733370856
O14920	IKBKB	91	0.38341485334465597	0.3970275606084283	0.013612707263772339
O14939	PLD2	27	0.7013399859889238	0.7079193104942366	0.006579324505312845
O14965	AURKA	211	0.44522199540029433	0.4255211604688733	-0.019700834931421052
O14976	GAK	27	0.6779330386689328	0.5054908976394835	-0.17244214102944933
O15075	DCLK1	24	0.5225617497981595	0.5294944690673126	0.006932719269153065
O15111	CHUK	27	0.48097114179849515	0.409917973411712	-0.07105316838678316
O15120	AGPAT2	27	0.8596874830165951	0.8565338741221673	-0.0031536088944278395
O15121	DEGS1	27	0.5785007403833913	0.6377012603268408	0.05920051994344955
O15164	TRIM24	37	0.5610648140098928	0.5699757080576878	0.008910894047794993
O15229	KMO	27	0.6056217024276683	0.6309562894619881	0.02533458703431979
O15244	SLC22A2	15	0.4558067865876126	0.5763541352627877	0.12054734867517508
O15264	MAPK13	27	0.25148206961911757	0.21541918207177813	-0.03606288754733944
O15270	SPTLC2	11	0.8332148788566981	0.6468208219218128	-0.1863940569348853
O15294	OGT	27	0.3195037235068191	0.2969075127510473	-0.022596210755771784
O15357	INPPL1	12	0.7076211148292184	0.6947090664871256	-0.012912048342092808
O15382	BCAT2	27	0.79307158975092	0.7661668985715699	-0.026904691179350015
O15427	SLC16A3	22	0.3349611204047753	0.37468308401848094	0.03972196361370561
O15530	PDPK1	27	0.40512334884081047	0.4404972219802668	0.035373873139456335
O15540	FABP7	11	0.5983251328730357	0.4199336045910397	-0.178391528281996
O15552	FFAR2	39	0.6184834923300637	0.619004245926627	0.0005207535965632282
O15554	KCNN4	25	0.5026745728643216	0.7560120603015076	0.253337487437186
O43175	PHGDH	27	0.25975638445738347	0.2091413711647284	-0.05061501329265508
O43193	MLNR	39	0.44996744806768324	0.49562932962607287	0.04566188155838963
O43194	GPR39	39	0.5832530488763527	0.5423706054247035	-0.04088244345164915
O43293	DAPK3	16	0.696084022550724	0.5673368740515933	-0.12874714849913071
O43318	MAP3K7	27	0.5797108894055566	0.656261841853512	0.0765509524479554
O43526	KCNQ2	25	0.44598271356783914	0.5350198994974874	0.08903718592964827
O43570	CA12	62	0.4792172676952655	0.47623285429855094	-0.002984413396714569
O43598	DNPH1	10	0.229774405868462	0.45333366829121235	0.22355926242275034
O43603	GALR2	13	0.40204196478816634	0.4458781932754921	0.04383622848732577
O43613	HCRTR1	39	0.6572490292410683	0.5965377424577714	-0.06071128678329696
O43614	HCRTR2	199	0.4897659471066141	0.5299678627922043	0.04020191568559023
O43683	BUB1	27	0.5049424034579515	0.5986139308216133	0.0936715273636618
O43924	PDE6D	27	0.3193583641733353	0.39513915410918365	0.07578078993584836
O60218	AKR1B10	27	0.8162955815973967	0.7690593818003414	-0.04723619979705529
O60235	TMPRSS11D	26	0.6166911611790454	0.7310345987242237	0.11434343754517828
O60285	NUAK1	16	0.40724928147202766	0.40544448240862635	-0.0018047990634013078
O60331	PIP5K1C	24	0.42185003165797336	0.4059946633702174	-0.015855368287755967
O60341	KDM1A	341	0.4861710856779	0.5118248337519201	0.0256537480740201
O60427	FADS1	27	0.6309953745580592	0.5276666644332326	-0.10332871012482658
O60502	OGA	59	0.44153678950681385	0.41772676260723784	-0.02381002689957601
O60563	CCNT1	331	0.7855985557795224	0.7703115052946079	-0.015287050484914522
O60603	TLR2	30	0.9108652026064961	0.8562189054726368	-0.05464629713385927
O60658	PDE8A	16	0.49606819483664794	0.5968059421760846	0.10073774733943669
O60674	JAK2	1133	0.4374363193514466	0.43854765834979514	0.0011113389983485322
O60678	PRMT3	38	0.3619880513349271	0.48319060993422575	0.12120255859929863
O60725	ICMT	27	0.6641590785744438	0.6745666951801748	0.010407616605730974
O60741	HCN1	16	0.7514175853440392	0.6930880623863168	-0.058329522957722424
O60755	GALR3	39	0.24904058140895483	0.18047275818218464	-0.06856782322677019
O60760	HPGDS	27	0.5911177816341738	0.5814793969430243	-0.009638384691149526
O60825	PFKFB2	10	0.47480781791689697	0.3480610963171381	-0.12674672159975886
O60885	BRD4	426	0.6182152721845424	0.6291868135658149	0.010971541381272432
O60894	RAMP1	11	0.3510552192747663	0.31924516787953094	-0.03181005139523535
O60911	CTSV	17	0.7445543840400652	0.7211681472846405	-0.023386236755424727
O75106	AOC2	27	0.5219751299672504	0.4539052711277278	-0.06806985883952255
O75116	ROCK2	104	0.543588192944843	0.5092808515148866	-0.034307341429956395
O75164	KDM4A	31	0.44912191171197224	0.4739082985714165	0.02478638685944423
O75173	ADAMTS4	27	0.525159634699525	0.4589638131568623	-0.06619582154266268
O75385	ULK1	27	0.23140721979894624	0.48380946425128224	0.252402244452336
O75460	ERN1	62	0.4528004091649578	0.44280479724507704	-0.009995611919880742
O75469	NR1I2	33	0.7798830178519	0.6584755101369503	-0.12140750771494968
O75475	PSIP1	13	0.5743551608773894	0.7306007161100014	0.15624555523261208
O75493	CA11	10	0.15270059789981413	0.2616650756167412	0.10896447771692705
O75530	EED	39	0.5733091165513818	0.5622834703710404	-0.011025646180341409
O75582	RPS6KA5	27	0.566545540092747	0.5660335253342148	-0.0005120147585322421
O75747	PIK3C2G	12	0.5873830554801885	0.5853715929912005	-0.0020114624889880917
O75762	TRPA1	30	0.7231998257868905	0.7022238973482754	-0.020975928438615066
O75874	IDH1	27	0.47502946271765745	0.4651424223676932	-0.009887040349964238
O75899	GABBR2	36	0.21898680032745105	0.23554949123353672	0.01656269090608567
O75907	DGAT1	27	0.7320861837535539	0.8048756610034223	0.0727894772498684
O75908	SOAT2	27	0.5211055796394195	0.6243205707466296	0.10321499110721011
O75909	CCNK	27	0.5538112435537509	0.6764777702585497	0.12266652670479883
O76074	PDE5A	203	0.4609436709957552	0.4259440335524115	-0.03499963744334367
O76083	PDE9A	27	0.2851786337786056	0.5762449719815697	0.29106633820296407
O94768	STK17B	27	0.6147255519001684	0.5475775429694101	-0.06714800893075834
O94782	USP1	27	0.7153570181570744	0.651588008841421	-0.06376900931565344
O94788	ALDH1A2	27	0.4335047121736301	0.4092451514007726	-0.024259560772857514
O94925	GLS	27	0.3260106475246478	0.34908611600605405	0.023075468481406236
O94953	KDM4B	39	0.3681358077956594	0.518638880770236	0.1505030729745766
O94966	USP19	27	0.41596332105689077	0.3541239987701223	-0.06183932228676847
O95136	S1PR2	39	0.6807887413098197	0.6681545709047066	-0.012634170405113054
O95251	KAT7	27	0.3669751783583217	0.32805703148323095	-0.038918146875090764
O95263	PDE8B	27	0.48522732264114	0.4862919262103166	0.001064603569176592
O95352	ATG7	27	0.33715176109998113	0.47919109485171113	0.14203933375173
O95436	SLC34A2	16	0.7200856203961451	0.648322639158267	-0.07176298123787805
O95470	SGPL1	27	0.5981521683294583	0.5454328879121337	-0.05271928041732454
O95497	VNN1	90	0.4984352145175799	0.4861431532603655	-0.012292061257214382
O95551	TDP2	27	0.6405864848949132	0.6787179046219429	0.038131419727029714
O95665	NTSR2	39	0.6586539428044765	0.7374244643106593	0.0787705215061828
O95718	ESRRB	20	0.42249685945429877	0.26085824832922966	-0.1616386111250691
O95819	MAP4K4	27	0.3963533977604612	0.4174184033477688	0.021065005587307617
O95822	MLYCD	27	0.5353589835790482	0.5774886225146532	0.04212963893560495
O95835	LATS1	27	0.5745877639081522	0.4818101685274895	-0.09277759538066277
O95977	S1PR4	39	0.4557369752321806	0.4934427057640374	0.03770573053185683
O96013	PAK4	27	0.2895332718394488	0.1815186309346996	-0.10801464090474922
O96017	CHEK2	27	0.5197655192026938	0.4014398577153607	-0.11832566148733303
O96028	NSD2	39	0.5076960963970191	0.49288857548311144	-0.014807520913907635
P00338	LDHA	27	0.41398561519568977	0.2419598234991509	-0.17202579169653887
P00352	ALDH1A1	27	0.2537691060977962	0.2424042768773316	-0.011364829220464584
P00374	DHFR	27	0.395597752569752	0.37912022054416883	-0.016477532025583164
P00488	F13A1	27	0.14458768201556998	0.15970840284896848	0.015120720833398493
P00491	PNP	29	0.459251177659542	0.48901584676424353	0.029764669104701547
P00492	HPRT1	27	0.6786888699791471	0.7217576679374906	0.04306879795834351
P00519	ABL1	402	0.497843349859863	0.5355931092798268	0.037749759419963835
P00533	EGFR	460	0.4899119923458247	0.4869015841597194	-0.003010408186105318
P00734	F2	299	0.4056046475304138	0.3624022509474166	-0.04320239658299718
P00740	F9	34	0.6919171524234826	0.5747862502490619	-0.11713090217442068
P00742	F10	496	0.44473266872949235	0.43509524865476035	-0.009637420074732006
P00746	CFD	27	0.38733292982624623	0.28873909991118374	-0.09859382991506249
P00748	F12	25	0.27105849246231156	0.25912361809045226	-0.011934874371859305
P00749	PLAU	27	0.6040106519915158	0.5517862633382543	-0.05222438865326151
P00750	PLAT	27	0.5858565554639847	0.4765478256402697	-0.10930872982371503
P00751	CFB	27	0.5716267887015037	0.6637885146397879	0.0921617259382842
P00813	ADA	27	0.593651240337606	0.6833098450517896	0.08965860471418363
P00915	CA1	33	0.615882013964272	0.4757358289200045	-0.1401461850442675
P01112	HRAS	19	0.5937631901593874	0.4544412555920987	-0.1393219345672887
P01116	KRAS	292	0.5199218071098476	0.5216807261006993	0.0017589189908516767
P01730	CD4	10	0.3691955986534693	0.4670110033663266	0.09781540471285732
P03372	ESR1	655	0.47010728869816715	0.492660761258712	0.02255347256054485
P03951	F11	272	0.4526878095550231	0.4553514199600427	0.002663610405019612
P03952	KLKB1	126	0.42673275912040887	0.4539599660627035	0.027227206942294635
P03956	MMP1	27	0.3709287288856727	0.27105849140462895	-0.09987023748104373
P04049	RAF1	854	0.5219156500904041	0.5528589652025774	0.030943315112173297
P04062	GBA1	27	0.4818760548322952	0.38033390583693094	-0.10154214899536423
P04066	FUCA1	27	0.2740460817005069	0.23924173424665895	-0.03480434745384797
P04070	PROC	27	0.3444297782274425	0.3355632311239459	-0.008866547103496547
P04626	ERBB2	27	0.39107951546392516	0.5087390552425025	0.11765953977857735
P04629	NTRK1	168	0.42093812020817667	0.4158369566311382	-0.005101163577038492
P04746	AMY2A	15	0.13198271530499447	0.10866713563125983	-0.02331557967373464
P04818	TYMS	27	0.5207244068929731	0.43630804415945823	-0.08441636273351483
P05067	APP	39	0.2926890370349752	0.4400552171494817	0.14736618011450653
P05089	ARG1	27	0.7416266695850207	0.7437785833029958	0.0021519137179751846
P05164	MPO	27	0.44349486272942024	0.5157055083184251	0.07221064558900486
P05413	FABP3	10	0.33460784806310606	0.3932653368838869	0.05865748882078081
P05771	PRKCB	27	0.49001115228074565	0.533938519516119	0.04392736723537338
P05981	HPN	27	0.5187381395345374	0.4623915760823035	-0.05634656345223388
P06213	INSR	129	0.4206596993125299	0.4449090725033466	0.024249373190816714
P06239	LCK	184	0.4611627582289024	0.4301640473765594	-0.030998710852343014
P06241	FYN	27	0.5136809003419387	0.6092819286149805	0.09560102827304184
P06276	BCHE	65	0.5581221673962474	0.574925752911878	0.016803585515630548
P06401	PGR	188	0.5448846597623093	0.6017322775533703	0.05684761779106107
P06493	CDK1	27	0.5919020892286686	0.5176288672841367	-0.0742732219445319
P06730	EIF4E	35	0.7215272173800669	0.8398495182573984	0.11832230087733153
P06737	PYGL	27	0.672476573137893	0.7518703149067578	0.07939374176886482
P06756	ITGAV	32	0.6735164471369846	0.6379720181319289	-0.03554442900505561
P06870	KLK1	27	0.4748511602317709	0.4697189148786165	-0.005132245353154374
P07099	EPHX1	27	0.18436886503581312	0.184296650667834	-7.221436797913428e-05
P07237	P4HB	27	0.8133329313152022	0.8024717414755405	-0.010861189839661778
P07288	KLK3	27	0.6602734616664545	0.5809817133863848	-0.07929174828006968
P07333	CSF1R	33	0.8383777468326981	0.8368502903842427	-0.001527456448455311
P07339	CTSD	25	0.6690142713567839	0.7219027135678392	0.052888442211055264
P07384	CAPN1	27	0.6424499133799823	0.548160841498396	-0.0942890718815863
P07550	ADRB2	262	0.49150379518424836	0.5696238914386818	0.07812009625443339
P07686	HEXB	13	0.2897385394571664	0.1671186157680249	-0.12261992368914149
P07711	CTSL	27	0.550273484000795	0.5079733595985179	-0.04230012440227715
P07900	HSP90AA1	29	0.47788717203672026	0.27492111968458965	-0.2029660523521306
P07947	YES1	27	0.19949665841040543	0.24088889186680096	0.04139223345639553
P07948	LYN	27	0.21090503959506351	0.22062085000033502	0.009715810405271502
P07949	RET	171	0.40230982792111897	0.41149089198091016	0.009181064059791189
P07996	THBS1	10	0.20227201929357386	0.3239149876902979	0.12164296839672406
P08069	IGF1R	41	0.5757605586288664	0.5171465248487072	-0.05861403378015928
P08172	CHRM2	133	0.5605459388571236	0.5933428629526165	0.03279692409549295
P08173	CHRM4	38	0.6691606890717804	0.718204917542784	0.04904422847100365
P08183	ABCB1	16	0.6104253132882453	0.6464408998181069	0.03601558652986159
P08236	GUSB	27	0.5839235182840079	0.6954708935150753	0.11154737523106739
P08238	HSP90AB1	27	0.31550382922269793	0.3616882676964286	0.04618443847373066
P08246	ELANE	161	0.46411587635248375	0.4426325029673194	-0.021483373385164373
P08253	MMP2	204	0.4456446033271798	0.4262702327233286	-0.01937437060385122
P08263	GSTA1	12	0.2793839330874693	0.27689723955664086	-0.002486693530828421
P08473	MME	27	0.07610501011373391	0.20298230450193303	0.1268772943881991
P08514	ITGA2B	21	0.7593339152673451	0.7764550264550264	0.017121111187681337
P08581	MET	92	0.4883779070809752	0.4666563217792711	-0.02172158530170415
P08588	ADRB1	39	0.5164777726746245	0.5590903912778347	0.042612618603210195
P08631	HCK	27	0.7881189497201879	0.7484099810679239	-0.03970896865226403
P08648	ITGA5	17	0.4975467535569118	0.5147398731169117	0.017193119559999914
P08709	F7	27	0.40767765292881375	0.3273994712717099	-0.08027818165710388
P08842	STS	27	0.7238697520813744	0.5162378101030134	-0.207631941978361
P08908	HTR1A	250	0.49775691765298413	0.45968590279526567	-0.038071014857718466
P08912	CHRM5	39	0.43508789021725514	0.5385129565969081	0.10342506637965299
P08913	ADRA2A	39	0.6059927514604555	0.5419450849159552	-0.06404766654450034
P09211	GSTP1	15	0.5396871336214116	0.5950125615516029	0.05532542793019124
P09237	MMP7	27	0.7080313544363073	0.8087261013249476	0.10069474688864033
P09238	MMP10	10	0.7369371451539968	0.5847987740541627	-0.15213837109983408
P09382	LGALS1	27	0.761430157166755	0.5978828534055775	-0.16354730376117754
P09467	FBP1	27	0.7042140433866901	0.5753785856853255	-0.12883545770136462
P09488	GSTM1	27	0.3612743379170845	0.13770051584882032	-0.2235738220682642
P09601	HMOX1	26	0.2721299093071674	0.23222614529562335	-0.03990376401154405
P09619	PDGFRB	33	0.33766046668591604	0.327104113137161	-0.01055635354875506
P09871	C1S	27	0.44245333797887615	0.5443249184982688	0.10187158051939266
P09874	PARP1	61	0.38827459444919854	0.37624709426130615	-0.012027500187892393
P09884	POLA1	12	0.5239039120516917	0.4247619239027397	-0.09914198814895203
P09917	ALOX5	27	0.3408525613394053	0.35091902089228666	0.01006645955288138
P09960	LTA4H	203	0.5585337058160734	0.5905534598469248	0.03201975403085133
P0C869	PLA2G4B	17	0.4467414975798576	0.3052713467909172	-0.14147015078894037
P0DMS8	ADORA3	143	0.5502282427077662	0.6250507858847397	0.07482254317697357
P0DMS9	TMIGD3	10	0.5396030749133297	0.48197357182334327	-0.057629503089986434
P10144	GZMB	27	0.790574982709498	0.777563740346912	-0.013011242362585995
P10253	GAA	19	0.6640689215249649	0.7703312257287844	0.10626230420381955
P10275	AR	122	0.4159467265476534	0.43640439159487054	0.020457665047217133
P10276	RARA	33	0.34112320893167597	0.42194682319516474	0.08082361426348877
P10415	BCL2	903	0.589376255970058	0.6172121490843716	0.02783589311431356
P10619	CTSA	27	0.8299530308816928	0.8631390692386893	0.03318603835699652
P10696	ALPG	23	0.48028092946351086	0.7081142349771428	0.2278333055136319
P10721	KIT	61	0.4736584815924833	0.5234313296317442	0.04977284803926091
P10826	RARB	33	0.6218690950026133	0.6556665436173337	0.03379744861472034
P10827	THRA	33	0.7571319880751795	0.7093128547567095	-0.047819133318469986
P10828	THRB	77	0.5369666533289734	0.5364002801960327	-0.0005663731329407229
P11021	HSPA5	10	0.4749977390343164	0.44251017434557605	-0.03248756468874037
P11086	PNMT	27	0.227205758090801	0.3751033893850835	0.14789763129428246
P11166	SLC2A1	16	0.14378787345868213	0.2208675848415721	0.07707971138288996
P11169	SLC2A3	16	0.6353476821192052	0.530931247424856	-0.10441643469434925
P11172	UMPS	18	0.4628663756765297	0.3348720302200962	-0.1279943454564335
P11217	PYGM	27	0.5639244191024126	0.5889185935619029	0.02499417445949026
P11229	CHRM1	44	0.42336910383069953	0.49698137881057225	0.07361227497987272
P11274	BCR	11	0.37117116458716637	0.4532738198554064	0.08210265526824001
P11309	PIM1	1117	0.44705339715522685	0.39127384232723544	-0.05577955482799141
P11362	FGFR1	59	0.5693079008004438	0.5233516469472407	-0.04595625385320312
P11473	VDR	77	0.5995817692885508	0.5527085485908187	-0.04687322069773203
P11474	ESRRA	33	0.46510409242588713	0.6196021242457137	0.15449803181982658
P11597	CETP	25	0.43632482412060297	0.34782351758793967	-0.0885013065326633
P11766	ADH5	27	0.24111521318500354	0.22975559531068182	-0.011359617874321715
P11802	CDK4	27	0.40507663284503026	0.48606039354597114	0.08098376070094088
P12268	IMPDH2	27	0.6514290627840649	0.5365118077936426	-0.11491725499042227
P12644	BMP4	10	0.26409586494498316	0.31864944983168364	0.05455358488670048
P12821	ACE	27	0.397780562125574	0.37259561517335543	-0.025184946952218568
P12931	SRC	32	0.538417589679676	0.6213028177861759	0.0828852281064999
P12955	PEPD	13	0.8743429474296103	0.8903046868719351	0.015961739442324818
P13569	CFTR	25	0.5167662311557789	0.37987296482412064	-0.13689326633165827
P13612	ITGA4	37	0.16348542374796798	0.16284756330792036	-0.0006378604400476273
P13631	RARG	33	0.381109978082599	0.3874960557206366	0.006386077638037613
P13807	GYS1	27	0.3383661908707638	0.4040278494337872	0.06566165856302342
P13866	SLC5A1	17	0.5503873173661473	0.6387662594080523	0.088378942041905
P13945	ADRB3	98	0.527346080798075	0.5720563009719161	0.044710220173841075
P13995	MTHFD2	27	0.48575571591612116	0.4121713222599672	-0.07358439365615393
P14091	CTSE	21	0.8927963652095345	0.7724839011018462	-0.12031246410768837
P14207	FOLR2	12	0.4984365526782096	0.6815801285594176	0.18314357588120805
P14222	PRF1	25	0.49590673366834176	0.3454544723618091	-0.15045226130653266
P14324	FDPS	27	0.2787396433801387	0.3658562278936558	0.08711658451351711
P14416	DRD2	120	0.4843032711298896	0.5565386549972335	0.07223538386734396
P14555	PLA2G2A	27	0.6330910801854941	0.6411065027921649	0.008015422606670763
P14598	NCF1	10	0.9052886499522685	0.8513259307642065	-0.05396271918806206
P14618	PKM	27	0.704802925500829	0.7402155114973463	0.03541258599651731
P14625	HSP90B1	49	0.6003895104223683	0.6395385288298439	0.03914901840747553
P14679	TYR	27	0.36782313882356094	0.4276136575981799	0.05979051877461894
P14735	IDE	23	0.46828554025132113	0.5446597970938754	0.07637425684255422
P14780	MMP9	65	0.4868735788643289	0.4609386069390091	-0.025934971925319794
P14902	IDO1	27	0.7027600778128427	0.670216523987454	-0.03254355382538865
P14920	DAO	27	0.6032200163338478	0.5891947949074726	-0.01402522142637519
P15056	BRAF	151	0.48722782765809336	0.5410809415284048	0.05385311387031144
P15085	CPA1	24	0.6276733399664325	0.5623544821995089	-0.06531885776692359
P15086	CPB1	24	0.3797717275873274	0.3334991608124542	-0.046272566774873236
P15090	FABP4	44	0.5968371301600762	0.5700172531803698	-0.026819876979706447
P15121	AKR1B1	27	0.21800214856356692	0.20680892152680533	-0.011193227036761594
P15144	ANPEP	27	0.5944709106380698	0.5588165554044265	-0.03565435523364324
P15328	FOLR1	33	0.3072953025612536	0.33550162096175845	0.02820631840050486
P15428	HPGD	27	0.654431914879361	0.5935378935589994	-0.06089402132036159
P15559	NQO1	27	0.4582306884262703	0.5697415842343379	0.11151089580806756
P15907	ST6GAL1	15	0.36788262486182294	0.4676297189562188	0.09974709409439586
P16066	NPR1	25	0.18390592964824126	0.14070633165829147	-0.043199597989949795
P16234	PDGFRA	27	0.43520212206014935	0.5227676268199696	0.08756550475982022
P16455	MGMT	27	0.31244830530745826	0.3576751589274454	0.04522685361998713
P16473	TSHR	30	0.8476208184665897	0.6250990837060489	-0.2225217347605407
P16581	SELE	17	0.5384633573652962	0.47503215821843464	-0.06343119914686152
P16591	FER	18	0.7959015725303523	0.7758728308337882	-0.0200287416965641
P16662	UGT2B7	27	0.6012210928490653	0.47966309391664674	-0.12155799893241859
P17252	PRKCA	63	0.5632329711626327	0.5347625782264136	-0.028470392936219113
P17342	NPR3	12	0.7659535270098715	0.7214417546786183	-0.04451177233125325
P17405	SMPD1	15	0.4730342009178306	0.4414651793789569	-0.0315690215388737
P17538	CTRB1	23	0.7020007463253961	0.46826587711149353	-0.23373486921390257
P17612	PRKACA	15	0.6207034468897599	0.48601681573041233	-0.13468663115934754
P17655	CAPN2	27	0.5853022915777946	0.4807362589830579	-0.10456603259473668
P17706	PTPN2	26	0.6655729821791794	0.6698685413923757	0.004295559213196354
P17707	AMD1	12	0.5135593674528286	0.6251461283115439	0.11158676085871533
P17752	TPH1	27	0.46042317619635753	0.46407335193039434	0.003650175734036809
P17931	LGALS3	27	0.15758477929576847	0.15803891088821437	0.0004541315924458944
P17948	FLT1	27	0.3954084690330645	0.6634670862544789	0.26805861722141444
P18031	PTPN1	27	0.7624802434145336	0.8294371076135534	0.0669568641990198
P18054	ALOX12	27	0.5240485012540732	0.449276106796861	-0.07477239445721223
P18089	ADRA2B	19	0.5720051792698033	0.798323190244016	0.22631801097421267
P18405	SRD5A1	27	0.48173832639852054	0.5031569590455196	0.02141863264699906
P18669	PGAM1	20	0.5448816642379779	0.49550223606853927	-0.04937942816943863
P18825	ADRA2C	39	0.6636443370204904	0.5203466329755456	-0.1432977040449448
P18858	LIG1	27	0.5804899856539086	0.6321513628042402	0.05166137715033159
P19367	HK1	10	0.7654825905642365	0.7728201778626339	0.007337587298397397
P19525	EIF2AK2	22	0.7210298821506524	0.7474370347901799	0.02640715263952742
P19634	SLC9A1	16	0.5753342662472741	0.498649933674341	-0.07668433257293311
P19784	CSNK2A2	29	0.41013813066129157	0.4536593742808583	0.04352124361956672
P19793	RXRA	33	0.47526738863730783	0.3738400163740895	-0.10142737226321835
P19838	NFKB1	33	0.599072074014783	0.46797519276713584	-0.13109688124764718
P19971	TYMP	27	0.6373777846269756	0.6207828111936737	-0.01659497343330185
P20231	TPSB2	27	0.3942029729985267	0.5590959207815828	0.16489294778305608
P20273	CD22	16	0.5658131425298214	0.6302658553497673	0.06445271281994591
P20309	CHRM3	295	0.6165661184339755	0.6238502742302167	0.0072841557962411985
P20393	NR1D1	33	0.7464315693419541	0.7891418710077497	0.04271030166579559
P20839	IMPDH1	21	0.5576444880894953	0.6048902556681138	0.047245767578618536
P21397	MAOA	27	0.4703074247537453	0.51697000423608	0.046662579482334654
P21452	TACR2	96	0.5396691148122447	0.5790675171898205	0.03939840237757586
P21453	S1PR1	253	0.6146136362840052	0.6193696434151295	0.004756007131124229
P21462	FPR1	39	0.519563376266832	0.4823165429280863	-0.03724683333874573
P21554	CNR1	143	0.5470743460319036	0.5646151960373852	0.017540850005481556
P21589	NT5E	127	0.4627610181798363	0.4606593900002424	-0.002101628179593862
P21675	TAF1	27	0.7864077669902912	0.8017711876583411	0.015363420668049854
P21728	DRD1	206	0.4881566770679199	0.5879845387868081	0.09982786171888824
P21730	C5AR1	39	0.45739846400240824	0.48862589608021123	0.031227432077802986
P21731	TBXA2R	39	0.6134728659154206	0.6551560920567615	0.0416832261413409
P21802	FGFR2	27	0.7443628124295072	0.7193913445496393	-0.024971467879867926
P21860	ERBB3	25	0.5720872361809045	0.5874814070351758	0.015394170854271305
P21912	SDHB	27	0.29367647814249753	0.4784737902790526	0.1847973121365551
P21917	DRD4	42	0.24178287460456271	0.20653792009450764	-0.035244954510055077
P21918	DRD5	83	0.6442951670320388	0.7077228283217947	0.06342766128975585
P21964	COMT	23	0.43252265849146143	0.39902781067105486	-0.03349484782040657
P21980	TGM2	27	0.640440194963904	0.7359343906410178	0.09549419567711381
P22102	GART	27	0.408669856010506	0.39700239647474767	-0.011667459535758318
P22234	PAICS	27	0.46455167905850325	0.5168672662692643	0.052315587210761016
P22314	UBA1	27	0.44871160633789026	0.4521066122304338	0.0033950058925435456
P22413	ENPP1	27	0.2497917322737922	0.2522124025571331	0.00242067028334092
P22455	FGFR4	27	0.45159571418893213	0.3639756764141174	-0.08762003777481475
P22460	KCNA5	25	0.5507610050251256	0.5583565829145728	0.007595577889447203
P22607	FGFR3	40	0.4353587224204654	0.4623342714982158	0.026975549077750405
P22736	NR4A1	24	0.38270302141017004	0.3944269404327595	0.011723919022589457
P22748	CA4	27	0.5563971879576214	0.4983210159444857	-0.058076172013135696
P22888	LHCGR	26	0.39604186203649516	0.4968909621820707	0.10084910014557552
P22894	MMP8	36	0.4220533593328576	0.4983677704179468	0.07631441108508918
P23141	CES1	27	0.6598755381645489	0.5683922178223572	-0.09148332034219175
P23219	PTGS1	27	0.5794302211918646	0.5111842933005167	-0.06824592789134787
P23280	CA6	16	0.2664909706659699	0.16474766101558652	-0.10174330965038336
P23443	RPS6KB1	31	0.40185986251724043	0.34576051595265594	-0.056099346564584485
P23458	JAK1	1748	0.41608763148030137	0.40393975816964905	-0.012147873310652313
P23526	AHCY	27	0.3626264961216417	0.18775288987755567	-0.17487360624408604
P23743	DGKA	48	0.3634975505225663	0.4004517585304475	0.036954208007881184
P23945	FSHR	39	0.5846855400863	0.6075608112879689	0.02287527120166888
P23946	CMA1	27	0.5604679937731858	0.6866525513633999	0.12618455759021407
P23975	SLC6A2	49	0.561554586851428	0.6062871487410357	0.044732561889607725
P24530	EDNRB	39	0.4423543423452958	0.5220756483195419	0.07972130597424609
P24723	PRKCH	27	0.5396836563995703	0.5754100398816876	0.03572638348211732
P24863	CCNC	27	0.6472685473670418	0.6108471936528782	-0.03642135371416355
P24941	CDK2	27	0.7793307589283388	0.746185108503949	-0.03314565042438977
P25021	HRH2	39	0.5952297372597717	0.67084429351482	0.07561455625504832
P25024	CXCR1	38	0.8783157598480205	0.8767257610489176	-0.0015899987991028208
P25025	CXCR2	39	0.6743590259059772	0.7132576829519114	0.038898657045934204
P25090	FPR2	62	0.6991928916345291	0.7284002188526579	0.029207327218128798
P25098	GRK2	27	0.6875850100839549	0.6407150934729378	-0.04686991661101714
P25100	ADRA1D	63	0.7183215540879774	0.7197019967424745	0.001380442654497105
P25101	EDNRA	118	0.5257094911810085	0.5618547648572987	0.03614527367629017
P25103	TACR1	402	0.5458153579027374	0.5912003870963273	0.04538502919358989
P25105	PTAFR	39	0.4068486378962225	0.5155076580804824	0.10865902018425988
P25106	ACKR3	39	0.4756540928062549	0.47180198528126877	-0.003852107524986159
P25116	F2R	39	0.569625567725803	0.5614578162524607	-0.008167751473342255
P25440	BRD2	39	0.44852322991458143	0.4093734100971301	-0.03914981981745136
P25774	CTSS	132	0.5418726137350689	0.5470689662005952	0.005196352465526299
P25929	NPY1R	43	0.6218109808809634	0.6501035830719406	0.02829260219097718
P26572	MGAT1	27	0.7576199186583314	0.7774267563911577	0.01980683773282621
P27338	MAOB	27	0.6624222113528432	0.3173263114166449	-0.34509589993619827
P27361	MAPK3	27	0.3439938863464964	0.2542455720308542	-0.08974831431564223
P27448	MARK3	27	0.2770530284249153	0.36595598794838985	0.08890295952347455
P27487	DPP4	118	0.47318535355335106	0.4602207190333593	-0.012964634519991747
P27695	APEX1	27	0.34147643392050314	0.3391030379914578	-0.002373395929045341
P27707	DCK	27	0.46035840660858246	0.4191418699650021	-0.04121653664358038
P27815	PDE4A	37	0.4534611807046673	0.36135011257639116	-0.09211106812827613
P27986	PIK3R1	138	0.39830815070293946	0.38219240465794446	-0.016115746044994994
P28062	PSMB8	25	0.41191718592964827	0.58254391959799	0.17062673366834175
P28161	GSTM2	27	0.3548409311037706	0.42605137047236386	0.07121043936859328
P28221	HTR1D	106	0.6017191960763735	0.623725258848248	0.022006062771874557
P28222	HTR1B	40	0.7190416897019651	0.680870985575715	-0.03817070412625012
P28223	HTR2A	249	0.5892397706382159	0.6302651882359204	0.041025417597704505
P28335	HTR2C	54	0.407158311914472	0.4455566241714968	0.03839831225702478
P28336	NMBR	39	0.7770076655547978	0.8021888919301621	0.02518122637536424
P28472	GABRB3	14	0.6806749289741119	0.6804581546620114	-0.00021677431210043174
P28482	MAPK1	635	0.3327126776510606	0.3275916133650449	-0.00512106428601572
P28566	HTR1E	10	0.6886710546148821	0.5685293674320454	-0.12014168718283669
P28702	RXRB	33	0.7022283807804252	0.7172353738811343	0.015006993100709187
P28845	HSD11B1	49	0.5169615314862123	0.5084363493276196	-0.008525182158592659
P28907	CD38	27	0.2771040251693129	0.26483000216643104	-0.012274023002881829
P29122	PCSK6	25	0.2797969849246231	0.1350572864321608	-0.14473969849246232
P29274	ADORA2A	373	0.5722484848458629	0.5987203253022629	0.026471840456400053
P29275	ADORA2B	39	0.5637172502560598	0.5938971183678982	0.03017986811183837
P29317	EPHA2	27	0.4700425766979869	0.47711623460884756	0.007073657910860676
P29350	PTPN6	10	0.38725116816560323	0.21427925438376122	-0.172971913781842
P29371	TACR3	39	0.8097331824037088	0.727730406082134	-0.08200277632157482
P29466	CASP1	27	0.27538316422515097	0.27272091082418926	-0.0026622534009617116
P29474	NOS3	10	0.4034929407626991	0.32526352811134	-0.07822941265135908
P29475	NOS1	27	0.3086423475476522	0.24278023827763517	-0.06586210927001701
P29597	TYK2	2108	0.40862737595585436	0.41646756352252307	0.00784018756666871
P30291	WEE1	56	0.549735075393195	0.4759663096758071	-0.07376876571738789
P30411	BDKRB2	44	0.4522510465680518	0.4463050733305858	-0.00594597323746604
P30518	AVPR2	39	0.253703781024208	0.23702007807309056	-0.01668370295111743
P30530	AXL	183	0.4916232415853694	0.4332343431803123	-0.05838889840505712
P30531	SLC6A1	16	0.401120124812831	0.4287790551608397	0.027658930348008703
P30542	ADORA1	96	0.4518805504430297	0.5209920521175915	0.06911150167456176
P30556	AGTR1	68	0.41747749101148646	0.46409414887545253	0.04661665786396607
P30559	OXTR	136	0.4924043997057314	0.5735674382240193	0.08116303851828793
P30613	PKLR	11	0.6062162107844122	0.4952788735070625	-0.11093733727734972
P30838	ALDH3A1	21	0.446091183699722	0.3997503809370669	-0.04634080276265512
P30872	SSTR1	13	0.5558285974014731	0.46006202576264477	-0.09576657163882829
P30874	SSTR2	105	0.4822763456619823	0.504404977440584	0.022128631778601693
P30939	HTR1F	39	0.5807746689780343	0.5989103221326851	0.01813565315465082
P30968	GNRHR	87	0.6069682882165587	0.6318762017249586	0.024907913508399937
P30989	NTSR1	41	0.4573781198790637	0.4014818904571982	-0.055896229421865506
P31213	SRD5A2	67	0.39955769224420234	0.3736844743284723	-0.02587321791573005
P31391	SSTR4	39	0.6702522761867795	0.6133193847143549	-0.05693289147242464
P31639	SLC5A2	179	0.5262882660420378	0.563390045759603	0.03710177971756523
P31644	GABRA5	45	0.5284897020059868	0.4765832328106152	-0.05190646919537156
P31645	SLC6A4	232	0.5900173710894645	0.6080790976687942	0.018061726579329695
P31749	AKT1	78	0.6233687677471803	0.5556263315622573	-0.06774243618492304
P31751	AKT2	27	0.6474621116523466	0.6114327256159253	-0.03602938603642125
P31939	ATIC	20	0.49192100899452285	0.5397110697954877	0.04779006080096482
P32238	CCKAR	50	0.44757939180698675	0.46567971852224177	0.018100326715255022
P32239	CCKBR	60	0.5795908108379833	0.5650515256622932	-0.014539285175690031
P32245	MC4R	94	0.48720121748065637	0.518929036002086	0.031727818521429585
P32246	CCR1	39	0.5951872109823981	0.579587799236795	-0.015599411745603087
P32247	BRS3	39	0.5313238249731826	0.47390458752861503	-0.05741923744456762
P32249	GPR183	39	0.4891735829857777	0.42959710347081437	-0.05957647951496331
P32297	CHRNA3	15	0.5897658526781228	0.6224151676548421	0.0326493149767193
P32418	SLC8A1	16	0.4734339356239134	0.4833909495623512	0.009957013938437786
P32745	SSTR3	39	0.6576623073366333	0.7169587577584684	0.05929645042183507
P32754	HPD	27	0.22855214659070014	0.33353843702795444	0.1049862904372543
P33032	MC5R	39	0.3025368341995807	0.4101178776861788	0.10758104348659808
P33981	TTK	66	0.42980113322163815	0.4372840399896775	0.007482906768039366
P34896	SHMT1	13	0.2517199317283729	0.2645494629174989	0.012829531189125998
P34897	SHMT2	24	0.439449938526581	0.4544945946941906	0.015044656167609638
P34913	EPHX2	173	0.49619109866617767	0.47227010798762104	-0.02392099067855663
P34947	GRK5	27	0.30991726615759263	0.18314531540928053	-0.1267719507483121
P34969	HTR7	42	0.2610335912859962	0.30300343250797096	0.04196984122197478
P34972	CNR2	179	0.47375438721191904	0.49404797318597715	0.020293585974058115
P34995	PTGER1	39	0.2984950337040078	0.38385583952799446	0.08536080582398664
P34998	CRHR1	39	0.8722858569972738	0.8620296787023763	-0.010256178294897444
P35228	NOS2	27	0.27509840138234676	0.4120529502547231	0.13695454887237635
P35236	PTPN7	27	0.37769305617905585	0.3257381685691802	-0.051954887609875655
P35270	SPR	48	0.6140280332807249	0.6381933763583543	0.02416534307762941
P35346	SSTR5	63	0.6094789970038809	0.5904912875715795	-0.018987709432301325
P35348	ADRA1A	159	0.4738851868013013	0.4688472399288217	-0.005037946872479604
P35354	PTGS2	27	0.3815546636708871	0.3367167998165606	-0.044837863854326476
P35367	HRH1	39	0.37503820921588243	0.5926624387814907	0.21762422956560828
P35368	ADRA1B	39	0.47787241807505965	0.567624513074124	0.08975209499906434
P35372	OPRM1	346	0.5144195259263524	0.5125304763670427	-0.0018890495593096857
P35408	PTGER4	66	0.7302076963646051	0.7424994218723293	0.012291725507724172
P35414	APLNR	387	0.4836455100850468	0.5108841052247636	0.02723859513971677
P35462	DRD3	565	0.5292049616900723	0.5625144511771986	0.03330948948712631
P35557	GCK	27	0.6377768248459116	0.5669386244875199	-0.07083820035839172
P35558	PCK1	11	0.360244424265567	0.32295684298417576	-0.03728758128139126
P35610	SOAT1	27	0.7482380066452108	0.8236837814718777	0.07544577482666692
P35626	GRK3	14	0.8163713415745855	0.8016823696447055	-0.014688971929879946
P35790	CHKA	27	0.52828979253631	0.4024119598905022	-0.12587783264580782
P35869	AHR	33	0.548628700465029	0.5710442380626918	0.022415537597662794
P35916	FLT4	27	0.7374557314757118	0.7278916084670974	-0.009564123008614311
P35968	KDR	111	0.5525337939786609	0.5097947848264706	-0.04273900915219031
P36544	CHRNA7	25	0.37521366834170855	0.46073407035175884	0.08552040201005029
P36639	NUDT1	31	0.6940136445251683	0.7941114296404321	0.1000977851152638
P36888	FLT3	155	0.5605492343700799	0.5145765418913347	-0.045972692478745136
P36896	ACVR1B	14	0.5649899436817466	0.4844977655018755	-0.08049217817987109
P36897	TGFBR1	60	0.5261229243117344	0.551043666951524	0.024920742639789606
P37023	ACVRL1	27	0.7499328108586585	0.7098527199132236	-0.040080090945434854
P37058	HSD17B3	27	0.21699226412888997	0.14431334186505143	-0.07267892226383854
P37059	HSD17B2	27	0.5980602252939385	0.474921513404699	-0.12313871188923953
P37088	SCNN1A	25	0.46457567839195985	0.5580787939698493	0.09350311557788943
P37173	TGFBR2	27	0.43477963078357057	0.30744746032490516	-0.1273321704586654
P37231	PPARG	112	0.4694307819040627	0.5374827020323585	0.0680519201282958
P37268	FDFT1	27	0.6684733287026801	0.5932577837038229	-0.07521554499885719
P37288	AVPR1A	58	0.5269036551023853	0.5443608398280075	0.017457184725622188
P38919	EIF4A3	24	0.8145514869197295	0.9045993675105444	0.09004788059081492
P39086	GRIK1	25	0.7475445226130654	0.5743778894472362	-0.17316663316582914
P39748	FEN1	27	0.5903509692731587	0.5421341058037272	-0.04821686346943144
P39900	MMP12	27	0.5053371629282704	0.438604758852402	-0.06673240407586833
P40238	MPL	39	0.15514977754890907	0.08237365700727381	-0.07277612054163526
P40261	NNMT	27	0.2857522540933263	0.2353522088290626	-0.05040004526426367
P40306	PSMB10	11	0.4699448410182578	0.39936454806724314	-0.07058029295101464
P40313	CTRL	27	0.5442231111289786	0.4744178740238963	-0.0698052371050823
P40763	STAT3	33	0.5829337275785231	0.6194106972511266	0.0364769696726035
P40818	USP8	14	0.3808961536197721	0.36469335048386614	-0.01620280313590594
P41143	OPRD1	155	0.48415907312845124	0.5083639184929573	0.02420484536450601
P41145	OPRK1	489	0.5388468455543339	0.5677148054897473	0.028867959935413356
P41146	OPRL1	95	0.4446180068495688	0.5386792612628826	0.09406125441331376
P41180	CASR	39	0.8559359208897837	0.8571676365235259	0.0012317156337422475
P41231	P2RY2	37	0.43667455751827733	0.66051168469048	0.22383712717220272
P41240	CSK	14	0.7164146964370055	0.5665131062323333	-0.1499015902046722
P41252	IARS1	20	0.692419978895533	0.7344017888548314	0.041981809959298455
P41279	MAP3K8	27	0.5619048363525639	0.44449246327676045	-0.11741237307580349
P41594	GRM5	39	0.4695764434320613	0.5007033588542544	0.031126915422193147
P41595	HTR2B	39	0.41337268431532953	0.4528455749733115	0.039472890657981985
P41597	CCR2	39	0.6980703894943083	0.7336919458323475	0.035621556338039206
P41743	PRKCI	14	0.2872137610056031	0.1655886571046704	-0.12162510390093267
P41968	MC3R	39	0.24327311612457259	0.3277827520635554	0.08450963593898281
P42226	STAT6	33	0.40102295418300726	0.4822014013004243	0.08117844711741706
P42261	GRIA1	62	0.5900768578881497	0.5521177756812146	-0.03795908220693511
P42262	GRIA2	25	0.5359388944723618	0.3918791959798995	-0.14405969849246225
P42330	AKR1C3	27	0.499830072891843	0.5228619894090557	0.023031916517212703
P42336	PIK3CA	238	0.4556495586642001	0.41009731317063775	-0.04555224549356235
P42338	PIK3CB	27	0.4762113215750475	0.5839637200971097	0.10775239852206225
P42345	MTOR	27	0.2975148206961912	0.2716231779831048	-0.02589164271308636
P42568	MLLT3	39	0.5044755685247815	0.5900564800510522	0.08558091152627068
P42680	TEC	27	0.3355719787406857	0.26975193247882145	-0.06582004626186422
P42681	TXK	49	0.4816641240918741	0.422492329192725	-0.05917179489914909
P42785	PRCP	27	0.3170370817057183	0.4256165953084484	0.1085795136027301
P42892	ECE1	27	0.5093811675351003	0.5486438216141325	0.03926265407903218
P43003	SLC1A3	16	0.4965417700911475	0.5135257866122662	0.016984016521118694
P43004	SLC1A2	16	0.5578578319548986	0.6564588378940599	0.09860100593916132
P43088	PTGFR	39	0.6523298987565316	0.7398948544235318	0.08756495566700018
P43115	PTGER3	39	0.7555322820837568	0.6855483338204524	-0.06998394826330434
P43116	PTGER2	39	0.8574735679855998	0.8049257800479078	-0.05254778793769199
P43119	PTGIR	39	0.46315626422375106	0.5829677362154293	0.11981147199167824
P43220	GLP1R	200	0.471519582179713	0.5095476717845457	0.03802808960483273
P43235	CTSK	100	0.4559814935881318	0.46348151873271304	0.007500025144581257
P43250	GRK6	25	0.35688000000000003	0.3982902512562815	0.04141025125628145
P43354	NR4A2	33	0.3187312760946822	0.23194281495451438	-0.08678846114016783
P43403	ZAP70	27	0.663317632291883	0.6475322787057697	-0.015785353586113327
P43490	NAMPT	27	0.6731473478342761	0.7091689168514833	0.03602156901720721
P43681	CHRNA4	24	0.1326364391647655	0.15082637360428539	0.018189934439519884
P45452	MMP13	199	0.5082975334154209	0.49182823891318944	-0.016469294502231502
P45983	MAPK8	27	0.43024836531238675	0.49128476805415033	0.061036402741763585
P45984	MAPK9	27	0.5530695573259242	0.6545895581001815	0.10152000077425727
P45985	MAP2K4	27	0.5951258651765194	0.5785997559601048	-0.01652610921641462
P46092	CCR10	28	0.4964797933606038	0.5377868535878325	0.04130706022722869
P46093	GPR4	39	0.36468306067546163	0.7045606726265311	0.33987761195106947
P46095	GPR6	13	0.5469614797133087	0.6294861230497135	0.08252464333640486
P46098	HTR3A	124	0.6919968352366157	0.6697884440703037	-0.022208391166312014
P46663	BDKRB1	95	0.5431465670109096	0.6219118448842613	0.07876527787335175
P47712	PLA2G4A	27	0.6881452297943081	0.662966983144273	-0.025178246650035097
P47869	GABRA2	25	0.4987975879396985	0.5169210050251257	0.01812341708542725
P47871	GCGR	39	0.4966076917406753	0.39620611481476325	-0.10040157692591206
P47895	ALDH1A3	27	0.8591760266165782	0.8305125061140257	-0.028663520502552498
P47898	HTR5A	39	0.42213593253940634	0.5596623052747534	0.137526372735347
P47900	P2RY1	39	0.6493020278075461	0.6456099737264925	-0.003692054081053553
P47901	AVPR1B	39	0.5845525488188777	0.48323098675912135	-0.1013215620597564
P47989	XDH	32	0.5811778215552853	0.5488467153468083	-0.03233110620847701
P48039	MTNR1A	105	0.5634562366487532	0.5370717303215794	-0.026384506327173818
P48058	GRIA4	23	0.25718381889636477	0.24158395767443608	-0.01559986122192869
P48145	NPBWR1	39	0.476099587778618	0.5091218864965925	0.03302229871797452
P48147	PREP	27	0.5449123116563668	0.4207516175646188	-0.12416069409174796
P48426	PIP4K2A	22	0.1843498551437006	0.2866697486507944	0.10231989350709383
P48443	RXRG	15	0.762788999430543	0.8120356413090812	0.04924664187853822
P48449	LSS	27	0.47716685911423495	0.5344976225094419	0.05733076339520693
P48544	KCNJ5	25	0.5980345728643216	0.6197784924623115	0.021743919597989936
P48546	GIPR	11	0.5131237815784713	0.5780118649363177	0.06488808335784646
P48549	KCNJ3	25	0.7474621105527639	0.5654026130653266	-0.18205949748743733
P48729	CSNK1A1	27	0.7711541568302508	0.737459826104824	-0.033694330725426824
P48730	CSNK1D	284	0.4791164232297788	0.4751935855112132	-0.003922837718565608
P48735	IDH2	27	0.5698677732587961	0.6077391840372001	0.03787141077840395
P48736	PIK3CG	37	0.3450376739718167	0.44299040818721586	0.09795273421539913
P48764	SLC9A3	11	0.2904611868225028	0.35385336371127313	0.0633921768887703
P48775	TDO2	27	0.555669088453667	0.5351345234558967	-0.020534564997770288
P49019	HCAR3	19	0.5591374019233963	0.5740378522532891	0.014900450329892734
P49116	NR2C2	12	0.5225707528999561	0.5955746150419208	0.07300386214196464
P49137	MAPKAPK2	27	0.29939444157820405	0.19988043682992326	-0.09951400474828079
P49146	NPY2R	38	0.7724444822994594	0.8469461495365964	0.07450166723713703
P49238	CX3CR1	39	0.6191929079571562	0.5984921470718467	-0.020700760885309477
P49281	SLC11A2	16	0.6975524826900079	0.6827397521832195	-0.01481273050678844
P49286	MTNR1B	164	0.5383816919383151	0.5809281982600525	0.0425465063217374
P49327	FASN	21	0.13787529000987755	0.13995847977396456	0.002083189764087001
P49336	CDK8	27	0.19781413808429424	0.1703149812056524	-0.02749915687864185
P49354	FNTA	27	0.3676273411041949	0.3851333695149651	0.017506028410770147
P49356	FNTB	35	0.3681415217609809	0.3689789354278248	0.000837413666843867
P49366	DHPS	26	0.4966053002465429	0.4422189786213545	-0.054386321625188416
P49674	CSNK1E	27	0.5394219723753986	0.749211783895898	0.20978981152049947
P49682	CXCR3	39	0.45648582431647383	0.3696855684371515	-0.08680025587932233
P49683	PRLHR	39	0.6608065456446134	0.6183132583530629	-0.04249328729155044
P49759	CLK1	27	0.48551208548394426	0.39582184045389335	-0.08969024503005091
P49760	CLK2	27	0.7220189797226522	0.7604418625946696	0.03842288287201745
P49768	PSEN1	81	0.4946370958330788	0.6039494403699384	0.10931234453685956
P49789	FHIT	12	0.6309217556165192	0.6269235342786035	-0.003998221337915719
P49840	GSK3A	53	0.5728607424560168	0.6124850531561362	0.0396243107001194
P49841	GSK3B	56	0.5400228786283737	0.545798816716766	0.005775938088392274
P49862	KLK7	27	0.43796227432079404	0.6310050527723244	0.1930427784515304
P50052	AGTR2	39	0.3805150782715465	0.4097029243130202	0.029187846041473675
P50053	KHK	27	0.29425233189127936	0.22686106476735432	-0.06739126712392504
P50281	MMP14	27	0.37603082287900075	0.39371347870011164	0.017682655821110893
P50336	PPOX	27	0.33705442059881346	0.4520727384805055	0.11501831788169203
P50391	NPY4R	29	0.13466422493505198	0.11059221233638226	-0.024072012598669715
P50406	HTR6	228	0.506704876509935	0.5757513698493391	0.06904649333940405
P50579	METAP2	27	0.2505782733023481	0.25650059595465535	0.005922322652307244
P50613	CDK7	101	0.5244405797193816	0.44666417176799755	-0.07777640795138407
P50750	CDK9	27	0.6357645007567618	0.6651609598704012	0.029396459113639417
P51114	FXR1	10	0.38223885846354816	0.5767130583329146	0.19447419986936648
P51449	RORC	553	0.42938199446183806	0.4493903384660495	0.02000834400421142
P51451	BLK	27	0.7074286994787908	0.7906687869400688	0.08324008746127798
P51452	DUSP3	27	0.2433672591967231	0.5512811350014107	0.30791387580468765
P51532	SMARCA4	39	0.687860474634493	0.7417077625147102	0.0538472878802172
P51570	GALK1	22	0.3012216168904912	0.24264138221506346	-0.05858023467542775
P51575	P2RX1	22	0.6697929619298824	0.6223348222483926	-0.04745813968148971
P51582	P2RY4	38	0.574866962253201	0.5696885549183098	-0.005178407334891166
P51617	IRAK1	27	0.383558054023792	0.3656909537731262	-0.01786710025066579
P51677	CCR3	39	0.3273956340719503	0.3595772011730036	0.0321815671010533
P51679	CCR4	39	0.3018625994019517	0.36236976005385635	0.060507160651904646
P51681	CCR5	162	0.45914015488538534	0.484376403616966	0.025236248731580646
P51684	CCR6	39	0.8180826370621921	0.820290395195407	0.002207758133214943
P51685	CCR8	39	0.16655455193540952	0.1447530048036652	-0.021801547131744314
P51686	CCR9	39	0.23491309433049978	0.19299816441122755	-0.04191492991927223
P51692	STAT5B	22	0.5191670785622726	0.5397251613245101	0.020558082762237473
P51812	RPS6KA3	27	0.3861030521365402	0.4142726114725551	0.028169559336014893
P51813	BMX	27	0.6438182639814833	0.692467669180769	0.04864940519928562
P51843	NR0B1	33	0.41973193520051555	0.3991718840802183	-0.02056005112029724
P51878	CASP5	10	0.567005978998141	0.6239652313721549	0.05695925237401389
P51955	NEK2	27	0.14837595842239149	0.13073852964102015	-0.01763742878137134
P52333	JAK3	746	0.4556082990471838	0.4877211204571898	0.03211282141000599
P52732	KIF11	26	0.5897983512783661	0.41554186474235916	-0.17425648653600695
P53350	PLK1	56	0.3522393193572154	0.3463382525496098	-0.005901066807605604
P53396	ACLY	27	0.4516681146764164	0.4130270997444206	-0.03864101493199579
P53582	METAP1	27	0.41337514321895913	0.37255485500173835	-0.04082028821722078
P53609	PGGT1B	27	0.5363945525054291	0.5719735293395065	0.0355789768340774
P53667	LIMK1	27	0.217948918385108	0.23394775104357207	0.01599883265846408
P53671	LIMK2	27	0.17784612086005078	0.3146510296503261	0.13680490879027532
P53779	MAPK10	27	0.3164280986850284	0.31384624891027035	-0.0025818497747580604
P53985	SLC16A1	18	0.721799024747561	0.7563588491261921	0.03455982437863114
P54289	CACNA2D1	18	0.3632564096551555	0.3781286185338162	0.014872208878660698
P54577	YARS1	10	0.6602070039692509	0.47012661407827966	-0.19008038989097126
P54578	USP14	27	0.5575369838068585	0.537722142935313	-0.019814840871545503
P54646	PRKAA2	27	0.6925521674360847	0.7192037360884975	0.026651568652412805
P54687	BCAT1	27	0.49369538788421574	0.6718238520335045	0.17812846414928873
P54707	ATP12A	10	0.7911812289604582	0.8169974375722253	0.025816208611767144
P54750	PDE1A	27	0.8773580410698745	0.9452309854730004	0.06787294440312597
P54753	EPHB3	15	0.5570153753391619	0.7289257361069239	0.171910360767762
P54760	EPHB4	27	0.6200816990179591	0.5678254839293252	-0.05225621508863387
P54764	EPHA4	14	0.26673576646946423	0.24417831768777895	-0.02255744878168528
P54829	PTPN5	26	0.3371738564052055	0.39134757442479134	0.05417371801958587
P55055	NR1H2	33	0.6388224909814585	0.6446052004790397	0.0057827094975811955
P55085	F2RL1	39	0.7916037148894034	0.7706948329799787	-0.020908881909424748
P55157	MTTP	27	0.5660352004097606	0.5846391477811205	0.01860394737135984
P55201	BRPF1	39	0.6333608594328696	0.6393037133945403	0.005942853961670713
P55211	CASP9	10	0.6435311259609104	0.478150027634025	-0.16538109832688547
P55212	CASP6	26	0.3812593400629461	0.45223686051734574	0.07097752045439965
P55263	ADK	27	0.6805709104147264	0.7097598462801784	0.029188935865452015
P56817	BACE1	111	0.436313191699757	0.43537521769460935	-0.0009379740051476682
P57059	SIK1	27	0.5469382224693888	0.46125996949129067	-0.08567825297809817
P60953	CDC42	27	0.36370878104380283	0.3368722096033198	-0.026836571440483015
P61964	WDR5	420	0.6283383304383758	0.6489697314776777	0.020631401039301833
P62508	ESRRG	33	0.6107775986861742	0.6502583122261086	0.03948071353993443
P62937	PPIA	27	0.7232914787790262	0.754398562264047	0.03110708348502078
P62993	GRB2	27	0.6885152353704485	0.7299610712443132	0.041445835873864745
P67870	CSNK2B	27	0.19621462705745807	0.1909984418075033	-0.005216185249954763
P68400	CSNK2A1	27	0.5688526774779764	0.48655658814656977	-0.08229608933140664
P78325	ADAM8	11	0.7832146047974977	0.7422491490461826	-0.04096545575131516
P78417	GSTO1	27	0.39965404106391866	0.30180413081074403	-0.09784991025317463
P78536	ADAM17	92	0.554099024075202	0.5823236774249123	0.02822465334971036
P78540	ARG2	27	0.2882790124945746	0.3909533264394668	0.10267431394489218
P80365	HSD11B2	27	0.5057378782227523	0.40702009271729267	-0.09871778550545962
P98073	TMPRSS15	73	0.52790511179345	0.5284312828822495	0.0005261710887994875
Q00534	CDK6	27	0.6756629390652185	0.5866855317397037	-0.08897740732551473
Q00535	CDK5	27	0.6341314882190074	0.6129858928859914	-0.021145595333016076
Q00796	SORD	27	0.8305013389437197	0.8126122765914519	-0.017889062352267837
Q01432	AMPD3	27	0.47251722163780696	0.4782699894209673	0.005752767783160362
Q01433	AMPD2	21	0.4931316472561046	0.55158060168914	0.05844895443303544
Q01469	FABP5	11	0.3474211942769131	0.23525150412824508	-0.11216969014866801
Q01718	MC2R	23	0.3363659721063068	0.39761250156212724	0.06124652945582043
Q01726	MC1R	66	0.5870905538356448	0.4862197671219479	-0.10087078671369687
Q01959	SLC6A3	59	0.498352388193632	0.5703051753993444	0.07195278720571247
Q02108	GUCY1A1	270	0.39521348863850503	0.36114202661681377	-0.03407146202169126
Q02127	DHODH	142	0.43661178201900086	0.38421809040654076	-0.0523936916124601
Q02156	PRKCE	27	0.48132104646808455	0.487921588596979	0.006600542128894438
Q02641	CACNB1	25	0.5921672361809045	0.6477817085427136	0.05561447236180905
Q02750	MAP2K1	27	0.4887038488769177	0.5935105339917496	0.10480668511483188
Q02763	TEK	36	0.339933169607807	0.39375179388899495	0.05381862428118794
Q03181	PPARD	43	0.5861187696453676	0.6325641240229037	0.04644535437753616
Q03405	PLAUR	39	0.5462366306404663	0.3985596220986125	-0.14767700854185384
Q04206	RELA	33	0.6257585504057582	0.6146082706208144	-0.011150279784943873
Q04609	FOLH1	61	0.3771764197079955	0.41833044792217433	0.04115402821417885
Q04759	PRKCQ	45	0.5078481436804718	0.4660297994013314	-0.04181834427914044
Q04771	ACVR1	27	0.7099684862453962	0.7340300158648266	0.024061529619430422
Q04828	AKR1C1	18	0.38232709479958416	0.3285341176444315	-0.05379297715515263
Q04844	CHRNE	15	0.2923163501155663	0.4871229022208823	0.194806552105316
Q04912	MST1R	27	0.33686253138905453	0.38721530229902257	0.050352770909968037
Q05397	PTK2	130	0.4912931311356785	0.5562936148312677	0.0650004836955892
Q05469	LIPE	27	0.4553905047784321	0.4414218636816076	-0.013968641096824552
Q05513	PRKCZ	27	0.270973620910303	0.432876558843915	0.161902937933612
Q05586	GRIN1	25	0.5855005025125628	0.6729975879396985	0.08749708542713575
Q05655	PRKCD	27	0.4481344497525727	0.37584954248103253	-0.07228490727154019
Q05823	RNASEL	10	0.50104004421444	0.550906898457519	0.049866854243078906
Q05932	FPGS	12	0.7871090544283996	0.7260270014972918	-0.0610820529311078
Q05940	SLC18A2	16	0.6599114150478852	0.6478094946185772	-0.012101920429308022
Q06124	PTPN11	29	0.6149671932747947	0.6583875837670132	0.043420390492218575
Q06187	BTK	655	0.46289805334632494	0.4221019891182577	-0.04079606422806725
Q06418	TYRO3	35	0.5461450540614275	0.6015111353617737	0.05536608130034615
Q06495	SLC34A1	16	0.5540149006622517	0.6103480589695405	0.0563331583072888
Q07075	ENPEP	24	0.7314279504728596	0.4795316127476106	-0.251896337725249
Q07343	PDE4B	207	0.4428742185959451	0.4041714736045726	-0.038702744991372495
Q07869	PPARA	38	0.5905532222406207	0.6182532179554799	0.02769999571485926
Q07889	SOS1	127	0.5634963820783796	0.6024035560214221	0.03890717394304255
Q07912	TNK2	27	0.7256967011434438	0.7129698493846517	-0.012726851758792068
Q08209	PPP3CA	12	0.4863694525673362	0.45934115810664605	-0.02702829446069016
Q08345	DDR1	27	0.702677812991588	0.7112873290585405	0.008609516066952483
Q08493	PDE4C	14	0.3539981940259296	0.5250589669196657	0.1710607728937361
Q08499	PDE4D	36	0.5776840488228179	0.6688157038019837	0.09113165497916587
Q08828	ADCY1	27	0.6073853708580035	0.5744485465183368	-0.032936824339666715
Q08881	ITK	36	0.6640150614082405	0.5853662213913096	-0.07864884001693095
Q12772	SREBF2	33	0.5921639504440132	0.5726298688245377	-0.019534081619475452
Q12791	KCNMA1	14	0.6955526811824106	0.646411667339002	-0.04914101384340863
Q12851	MAP4K2	22	0.31689999296503624	0.3483499355432865	0.03144994257825029
Q12852	MAP3K12	27	0.5660534401212606	0.666262787340598	0.10020934721933739
Q12866	MERTK	27	0.8035672408825638	0.8296638011707661	0.026096560288202286
Q12879	GRIN2A	25	0.66376	0.6251260301507537	-0.038633969849246275
Q12884	FAP	237	0.49165214555483144	0.47726190221210457	-0.014390243342726872
Q12908	SLC10A2	16	0.7275987599111637	0.7536165070496136	0.026017747138449843
Q12931	TRAP1	27	0.870177550563086	0.7677154128540087	-0.1024621377090773
Q13043	STK4	27	0.16183649327029093	0.14106183411094061	-0.02077465915935031
Q13093	PLA2G7	44	0.5703092230494448	0.4690020753163464	-0.10130714773309835
Q13126	MTAP	27	0.42202318602346744	0.43620493395363247	0.014181747930165023
Q13131	PRKAA1	27	0.7301475629884242	0.8088098551022428	0.07866229211381859
Q13133	NR1H3	33	0.6368061875539864	0.6046501073940467	-0.03215608015993976
Q13153	PAK1	27	0.33914249532653923	0.22534567975682368	-0.11379681556971555
Q13163	MAP2K5	11	0.7838001779557741	0.7681861117759584	-0.015614066179815644
Q13164	MAPK7	27	0.6931388161161623	0.69066007654723	-0.0024787395689322977
Q13188	STK3	27	0.46290712711143267	0.390327592663318	-0.07257953444811466
Q13191	CBLB	27	0.5367210061173759	0.5528026619556097	0.016081655838233733
Q13224	GRIN2B	25	0.4272789949748744	0.4855197989949749	0.058240804020100456
Q13231	CHIT1	27	0.2867487379236359	0.2873610710954175	0.0006123331717815539
Q13255	GRM1	39	0.373011252195258	0.6882356079479293	0.31522435575267127
Q13258	PTGDR	39	0.26276007395963974	0.438770794705298	0.17601072074565827
Q13285	NR5A1	33	0.5110028642473462	0.4574422916902714	-0.053560572557074804
Q13304	GPR17	39	0.43973433705657333	0.4617888511049357	0.022054514048362395
Q13370	PDE3B	27	0.5567776162260474	0.6002205143896433	0.04344289816359592
Q13393	PLD1	27	0.8267324189654286	0.7194596504080112	-0.10727276855741741
Q13418	ILK	27	0.493143729671097	0.4887695490622183	-0.004374180608878675
Q13451	FKBP5	27	0.6913632360375008	0.8223001690709585	0.13093693303345766
Q13464	ROCK1	27	0.6667887610620128	0.6524210797462521	-0.014367681315760716
Q13490	BIRC2	27	0.5773479161687969	0.5782980562423365	0.0009501400735396626
Q13507	TRPC3	13	0.624689252784357	0.6572234040579567	0.0325341512735996
Q13509	TUBB3	13	0.43315765551274843	0.3252877890258307	-0.10786986648691771
Q13510	ASAH1	27	0.3890627245066531	0.32973564329973504	-0.05932708120691804
Q13526	PIN1	27	0.5240496179711038	0.5811548045261286	0.05710518655502472
Q13546	RIPK1	52	0.281075498647101	0.2719891520621367	-0.009086346584964322
Q13547	HDAC1	328	0.5805496490477067	0.5983970183008583	0.017847369253151668
Q13557	CAMK2D	163	0.4634676289944569	0.4151073418965145	-0.048360287097942434
Q13627	DYRK1A	73	0.4728677536461452	0.46939529994231394	-0.0034724537038312575
Q13639	HTR4	63	0.5928883105392727	0.6250329151789005	0.03214460463962776
Q13724	MOGS	98	0.6295905128221444	0.5294107686020488	-0.10017974422009557
Q13822	ENPP2	27	0.7034984138895776	0.7190395786849987	0.015541164795421114
Q13873	BMPR2	27	0.8277893916348961	0.8138942677425863	-0.013895123892309735
Q13882	PTK6	27	0.8418877580267758	0.8194004271814881	-0.022487330845287756
Q13946	PDE7A	27	0.7415663668653678	0.7513242402787921	0.009757873413424267
Q13976	PRKG1	27	0.4537386941706627	0.46443442377028976	0.010695729599627057
Q14123	PDE1C	27	0.5307521535887936	0.4266670537952372	-0.10408509979355635
Q14145	KEAP1	10	0.39063960207003967	0.45695272069537257	0.0663131186253329
Q14164	IKBKE	27	0.5238638707050133	0.540174267415016	0.016310396710002673
Q14191	WRN	27	0.5259350085577748	0.6053916587193638	0.07945665016158909
Q14289	PTK2B	27	0.4059955048417128	0.42475858438993375	0.01876307954822093
Q14397	GCKR	27	0.2736690035831727	0.24830649862308787	-0.025362504960084825
Q14416	GRM2	39	0.71055455812105	0.7931872388177797	0.0826326806967298
Q14432	PDE3A	27	0.3706856568120111	0.34018699798916485	-0.030498658822846247
Q14534	SQLE	27	0.4673656198561222	0.4164038659254643	-0.05096175393065788
Q14680	MELK	27	0.3071459467266418	0.3731050242588163	0.0659590775321745
Q14703	MBTPS1	16	0.277290245103458	0.28470980011858227	0.007419555015124257
Q14831	GRM7	39	0.6718343825725769	0.76776348379388	0.09592910122130316
Q14832	GRM3	39	0.5248685938029162	0.4639859132350538	-0.06088268056786239
Q14833	GRM4	39	0.7334516079314342	0.6641552966865072	-0.06929631124492697
Q14973	SLC10A1	16	0.5264693394567326	0.3632526329276749	-0.16321670652905768
Q14994	NR1I3	33	0.2973350072915867	0.33521897298884396	0.03788396569725727
Q15046	KARS1	27	0.3407085048424573	0.3200362114109124	-0.02067229343154492
Q15059	BRD3	38	0.44882193018606503	0.491655878869125	0.04283394868305995
Q15077	P2RY6	38	0.38827474417445706	0.32125871510321635	-0.06701602907124071
Q15109	AGER	33	0.41470244600144496	0.5967249993603871	0.18202255335894219
Q15116	PDCD1	10	0.6050796362357433	0.7543646686429182	0.14928503240717483
Q15118	PDK1	27	0.3849625118092826	0.4992960960317088	0.11433358422242623
Q15119	PDK2	27	0.21928897882183374	0.2002147074610843	-0.019074271360749434
Q15125	EBP	27	0.46355593970621406	0.36093839221037755	-0.10261754749583651
Q15139	PRKD1	27	0.2326497536149991	0.2502242740036464	0.01757452038864729
Q15303	ERBB4	27	0.4057468491828981	0.21612680843017135	-0.18962004075272676
Q15349	RPS6KA2	27	0.20616978714628917	0.201146793942629	-0.005022993203660175
Q15369	ELOC	10	0.43705471536954227	0.3586785911671608	-0.07837612420238149
Q15391	P2RY14	39	0.7531456558505591	0.8182192366198157	0.06507358076925651
Q15392	DHCR24	12	0.39542530456657254	0.26600795875915706	-0.12941734580741548
Q15399	TLR1	24	0.5168306516182417	0.48645951631976897	-0.03037113529847274
Q15418	RPS6KA1	20	0.5756037385056028	0.3738535751972263	-0.20175016330837647
Q15562	TEAD2	21	0.6037239948238501	0.5077345538633528	-0.09598944096049733
Q15722	LTB4R	39	0.597785953132434	0.4465367372912153	-0.1512492158412187
Q15759	MAPK11	16	0.37857568159663946	0.42708574098825225	0.04851005939161279
Q15761	NPY5R	48	0.4977344009167949	0.5434446111496459	0.045710210232851045
Q15910	EZH2	370	0.46402190400778465	0.5115450148348136	0.04752311082702898
Q16288	NTRK3	27	0.3538768320673484	0.31368432494083254	-0.04019250712651584
Q16513	PKN2	18	0.3512661867450978	0.30769080455534675	-0.043575382189751044
Q16518	RPE65	27	0.30620641546489297	0.2474112638035531	-0.05879515166133986
Q16539	MAPK14	130	0.4756838875194929	0.436665557391449	-0.0390183301280439
Q16572	SLC18A3	17	0.6241171268523489	0.5910934740097752	-0.03302365284257369
Q16581	C3AR1	39	0.627045062905385	0.5420260137104718	-0.08501904919491321
Q16584	MAP3K11	27	0.4829164628658085	0.3349335888381899	-0.14798287402761862
Q16620	NTRK2	27	0.4122653126100431	0.3219677596348484	-0.0902975529751947
Q16651	PRSS8	16	0.4121882191560563	0.41896084776251397	0.006772628606457665
Q16654	PDK4	10	0.5138602220770738	0.3775672009244837	-0.13629302115259012
Q16658	FSCN1	10	0.41367331558056575	0.4651921820831031	0.05151886650253734
Q16659	MAPK6	60	0.3230563514804202	0.2676624943447444	-0.05539385713567585
Q16706	MAN2A1	10	0.4608832839270462	0.31418278651459586	-0.14670049741245034
Q16739	UGCG	37	0.5801033725104969	0.5060585875357506	-0.07404478497474631
Q16740	CLPP	27	0.3936702989749282	0.2546758803266472	-0.13899441864828105
Q16769	QPCT	27	0.5274503935683055	0.4547554650270283	-0.07269492854127718
Q16790	CA9	58	0.5009573440229527	0.4997409468328259	-0.0012163971901267834
Q16820	MEP1B	27	0.24335311411433547	0.2677321636094676	0.024379049495132143
Q16832	DDR2	27	0.301410860296466	0.3125084219076058	0.011097561611139783
Q16853	AOC3	74	0.4821762013997386	0.4557830598091631	-0.026393141590575486
Q16875	PFKFB3	27	0.41949158851508644	0.3910542032112315	-0.028437385303854923
Q16877	PFKFB4	24	0.5569001819077195	0.556303454236641	-0.0005967276710785452
Q3SYC2	MOGAT2	27	0.5054503235873715	0.4869507892583733	-0.0184995343289982
Q495T6	MMEL1	27	0.32120243622987393	0.2576035401418826	-0.06359889608799135
Q49AN0	CRY2	10	0.5045159021253077	0.5959202130332111	0.09140431090790335
Q4J6C6	PREPL	11	0.40435790669928573	0.4091859162803954	0.004828009581109682
Q53GL7	PARP10	27	0.39855872777640045	0.30467353522088286	-0.09388519255551758
Q58F21	BRDT	12	0.4619354590187547	0.4149683960889532	-0.04696706292980152
Q59H18	TNNI3K	27	0.36857580610218854	0.354411553405503	-0.014164252696685531
Q5NUL3	FFAR4	39	0.603912829894375	0.5837989316368184	-0.020113898257556606
Q5S007	LRRK2	19	0.4927531479191416	0.39503991824878054	-0.09771322967036106
Q5TC84	OGFRL1	39	0.576019457962646	0.5842191685777718	0.00819971061512581
Q5TCY1	TTBK1	27	0.6351056377087051	0.640839049063335	0.005733411354629903
Q5XXA6	ANO1	25	0.6744731658291457	0.5655437185929648	-0.10892944723618092
Q6B0I6	KDM4D	39	0.4296050932562602	0.4884823376771993	0.05887724442093911
Q6GQQ9	OTUD7B	27	0.4351727151783434	0.3825749707978496	-0.052597744380493805
Q6P179	ERAP2	14	0.47893413075654234	0.38948314400274486	-0.08945098675379748
Q6P1M0	SLC27A4	11	0.6870604775572922	0.6648804097002341	-0.02218006785705806
Q6P6C2	ALKBH5	19	0.5043578435365441	0.5013847353293691	-0.0029731082071750015
Q6PCB7	SLC27A1	16	0.7594655382930187	0.699331844355787	-0.06013369393723167
Q6PIU2	NCEH1	12	0.3655368310338013	0.3135444615276396	-0.051992369506161706
Q6PL18	ATAD2	39	0.502774001959817	0.48752343455618286	-0.015250567403634174
Q6V1X1	DPP8	27	0.5473659250921105	0.5072832284736042	-0.040082696618506275
Q6W5P4	NPSR1	39	0.3945562241201829	0.4586355920714523	0.06407936795126945
Q70CQ3	USP30	69	0.3370503655829743	0.3751957023016806	0.03814533671870629
Q7KZI7	MARK2	11	0.3775667927948009	0.27052109616371933	-0.10704569663108154
Q7Z2W7	TRPM8	27	0.5651582053017258	0.5414562585661502	-0.023701946735575574
Q7Z3E1	TIPARP	27	0.41865274790559726	0.38119954765515474	-0.03745320025044252
Q7Z601	GPR142	39	0.26319513066392025	0.20878185669211546	-0.05441327397180479
Q86SK9	SCD5	27	0.354804823919781	0.3124648699434122	-0.042339953976368805
Q86TI2	DPP9	27	0.3328836686090098	0.30814913085913503	-0.024734537749874774
Q86U86	PBRM1	27	0.38403135592526333	0.5304067157873265	0.14637535986206313
Q86V86	PIM3	154	0.4774107708917663	0.47075876745247086	-0.006652003439295451
Q86W56	PARG	27	0.5378029188005267	0.552771579998258	0.014968661197731326
Q86WV6	STING1	21	0.4358374681276273	0.42127141096026766	-0.014566057167359647
Q86X55	CARM1	39	0.2231521301541204	0.49199152876554725	0.26883939861142686
Q86XE5	HOGA1	20	0.4340294457564947	0.3977448369428672	-0.036284608813627495
Q86YT5	SLC13A5	16	0.7317849390507392	0.7228159010742746	-0.008969037976464533
Q8IU80	TMPRSS6	27	0.30476678109293837	0.221134167595403	-0.08363261349753537
Q8IU85	CAMK1D	27	0.38092781317770763	0.3805246783296593	-0.00040313484804832544
Q8IV61	RASGRP3	27	0.1227562363062574	0.17465789373767424	0.05190165743141684
Q8IVH8	MAP4K3	27	0.497132270665407	0.49692344458068394	-0.0002088260847230572
Q8IW41	MAPKAPK5	27	0.5125913567590787	0.4818818245369533	-0.03070953222212547
Q8IWU9	TPH2	27	0.638603009329054	0.5787516294762671	-0.05985137985278688
Q8IXJ6	SIRT2	38	0.13814208997419924	0.43496836137808015	0.2968262714038809
Q8N1Q1	CA13	27	0.3718027460816261	0.3215735585230449	-0.05022918755858119
Q8N474	SFRP1	10	0.5085816208611768	0.5005255489122242	-0.008056071948952526
Q8N884	CGAS	27	0.34263111933014845	0.36696959477316876	0.024338475443020313
Q8NB16	MLKL	18	0.3545183309270258	0.30763664867798246	-0.04688168224904332
Q8ND76	CCNY	27	0.47480239692143456	0.3137744067813014	-0.16102799014013314
Q8NEB9	PIK3C3	27	0.48237429674745	0.35282786253660037	-0.12954643421084966
Q8NER1	TRPV1	205	0.6271961533550092	0.6183891682956297	-0.00880698505937949
Q8NEV1	CSNK2A3	27	0.4467065409094395	0.41970060071931464	-0.027005940190124866
Q8NG68	TTL	10	0.36760990805406224	0.25291765060543636	-0.11469225744862588
Q8NHM5	KDM2B	95	0.432643753606081	0.5093636358824245	0.07671988227634352
Q8NI77	KIF18A	27	0.403454973597087	0.36661633995248744	-0.03683863364459955
Q8TAF3	WDR48	27	0.2830416096210384	0.233746369739053	-0.04929523988198542
Q8TBX8	PIP4K2C	27	0.439723709317068	0.4463056394954524	0.0065819301783843764
Q8TCT8	SPPL2A	27	0.30498956614054407	0.34377947667662034	0.03878991053607628
Q8TCW9	PROKR1	39	0.6116520969063035	0.6112965514539604	-0.00035554545234306456
Q8TDS4	HCAR2	39	0.6512255042198954	0.6176573227414552	-0.03356818147844021
Q8TDS5	OXER1	39	0.3443914541254871	0.40687492686768967	0.06248347274220256
Q8TDU6	GPBAR1	39	0.4658217597425124	0.4148219283012118	-0.0509998314413006
Q8TDU9	RXFP4	10	0.49619454353615033	0.4643651710797367	-0.03182937245641365
Q8TDV5	GPR119	30	0.4696142184699399	0.46526190595842337	-0.004352312511516521
Q8TDX5	ACMSD	27	0.49578997679462017	0.457367838400623	-0.03842213839399716
Q8TDX7	NEK7	27	0.5619978961051143	0.5983557830680386	0.0363578869629243
Q8TF76	HASPIN	27	0.49284854413600715	0.47916838827208885	-0.013680155863918297
Q8WTV0	SCARB1	39	0.5259809781249984	0.5837468691639127	0.057765891038914274
Q8WXE1	ATRIP	27	0.4795376493702088	0.436056410588562	-0.043481238781646836
Q8WZA2	RAPGEF4	10	0.5388855951364115	0.6087162739285534	0.06983067879214189
Q92551	IP6K1	16	0.6074199318654594	0.6441823101428011	0.036762378277341745
Q92630	DYRK2	27	0.4307292981135672	0.37650859164859446	-0.054220706464972734
Q92633	LPAR1	39	0.5651873707781072	0.5834940311148018	0.01830666033669459
Q92731	ESR2	93	0.48062403051482955	0.5131276835219747	0.03250365300714514
Q92753	RORB	33	0.4875497832016949	0.547795833135358	0.06024604993366306
Q92769	HDAC2	39	0.5901618936719353	0.5858998586065711	-0.004262035065364156
Q92793	CREBBP	39	0.5166489087241757	0.4958924770757591	-0.020756431648416562
Q92831	KAT2B	39	0.5960039732429817	0.6989147294014311	0.10291075615844936
Q92847	GHSR	88	0.6025168859771421	0.6397300894947646	0.03721320351762247
Q92876	KLK6	17	0.3937383692472849	0.4236573352659792	0.029918966018694315
Q92918	MAP4K1	1564	0.3825407214223333	0.32275981299619966	-0.05978090842613365
Q93009	USP7	27	0.5669691480863565	0.5121040958947248	-0.054865052191631625
Q969F8	KISS1R	39	0.5841328273479531	0.6179608057208925	0.03382797837293938
Q969M7	UBE2F	27	0.42026007595164766	0.44923925513485097	0.028979179183203307
Q969S8	HDAC10	23	0.5741462046207505	0.6406792784588992	0.06653307383814866
Q969V1	MCHR2	39	0.6067869619072803	0.6315871270638775	0.02480016515659722
Q96EB6	SIRT1	39	0.5901412748707846	0.6886914123208678	0.09855013745008323
Q96GD4	AURKB	37	0.5281381212347761	0.5094749984786974	-0.01866312275607873
Q96GG9	DCUN1D1	10	0.25930261769582474	0.40317339094608856	0.14387077325026382
Q96IY4	CPB2	27	0.6784859997185873	0.7145632184678196	0.03607721874923231
Q96JM7	L3MBTL3	39	0.526215516988088	0.6146206888019806	0.08840517181389262
Q96KB5	PBK	27	0.34142599553462083	0.289594505156627	-0.05183149037799384
Q96KQ7	EHMT2	39	0.4718356197006459	0.4907692204598302	0.018933600759184266
Q96LA8	PRMT6	39	0.7010621775412801	0.7648059745038215	0.0637437969625414
Q96LB2	MRGPRX1	38	0.4436498712077166	0.435886360185647	-0.007763511022069569
Q96P20	NLRP3	17	0.4261897949677117	0.48397468486128226	0.05778488989357056
Q96P65	QRFPR	39	0.4987182837734674	0.4435070621971291	-0.05521122157633829
Q96PD7	DGAT2	27	0.3145114400215005	0.3402339001044502	0.025722460082949705
Q96PY6	NEK1	10	0.3965804150128122	0.3728312314726423	-0.023749183540169916
Q96Q83	ALKBH3	18	0.2227827634683434	0.16019364355159826	-0.06258911991674512
Q96RI0	F2RL3	142	0.47213033288630285	0.48978712742125957	0.01765679453495672
Q96RI1	NR1H4	75	0.5809403050108932	0.5525630299983242	-0.028377275012569037
Q96RJ0	TAAR1	39	0.5213386550459103	0.5102180335127685	-0.01112062153314175
Q96RR4	CAMKK2	27	0.470535793386504	0.4654456110415024	-0.0050901823450015815
Q96RU2	USP28	27	0.671555281587644	0.6287154106205746	-0.04283987096706943
Q96S37	SLC22A12	16	0.6639443417178346	0.653772523088364	-0.010171818629470586
Q96SB4	SRPK1	27	0.4529783959923259	0.4043312242271016	-0.04864717176522432
Q96SW2	CRBN	12	0.40182354734222325	0.41250221914054785	0.010678671798324602
Q96T53	MBOAT4	124	0.4641528156885551	0.3934670287927914	-0.07068578689576371
Q96T60	PNKP	27	0.3950557725708985	0.37363267305577696	-0.021423099515121558
Q99500	S1PR3	39	0.5217971656364998	0.5185960967578481	-0.0032010688786516805
Q99523	SORT1	39	0.5332434353603162	0.5163592145680078	-0.016884220792308335
Q99527	GPER1	39	0.45985751377464784	0.45824898954987603	-0.0016085242247718123
Q99538	LGMN	27	0.6404749993113578	0.6718191990458771	0.031344199734519296
Q99558	MAP3K14	112	0.4979850472272238	0.5140082103375384	0.016023163110314598
Q99572	P2RX7	35	0.40073848053645017	0.3892200221127751	-0.011518458423675049
Q99640	PKMYT1	27	0.40563703867488865	0.3215106501303208	-0.08412638854456783
Q99683	MAP3K5	27	0.2662054253091259	0.28670071909131994	0.020495293782194057
Q99685	MGLL	104	0.47054329181344606	0.43802491425352796	-0.0325183775599181
Q99705	MCHR1	46	0.40813682765468967	0.5007563317929893	0.09261950413829961
Q99714	HSD17B10	11	0.49992234989320816	0.517515123500211	0.017592773607002843
Q99788	CMKLR1	39	0.468667927506357	0.453669038344269	-0.01499888916208797
Q99808	SLC29A1	16	0.432681968465164	0.42809758413811816	-0.004584384327045832
Q99835	SMO	39	0.38952858719459044	0.4270054490336741	0.037476861839083664
Q99873	PRMT1	39	0.5529957313926918	0.5526882535205313	-0.0003074778721604554
Q99884	SLC6A7	16	0.592490377754776	0.615480760534223	0.022990382779446983
Q99895	CTRC	15	0.4733675007536931	0.35214551301376745	-0.12122198773992565
Q9BPX1	HSD17B14	27	0.6222066254076948	0.5593032579102653	-0.06290336749742953
Q9BPZ7	MAPKAP1	27	0.2533428924311153	0.20970345207013277	-0.04363944036098252
Q9BQB6	VKORC1	10	0.42230015575541374	0.3951283726071447	-0.02717178314826907
Q9BQI3	EIF2AK1	18	0.2619514205030802	0.24703008051918177	-0.014921339983898413
Q9BSW2	CRACR2A	10	0.6838371099834195	0.6163829573431141	-0.06745415264030541
Q9BUB5	MKNK1	27	0.28610141428489533	0.23980158171800214	-0.046299832566893184
Q9BV23	ABHD6	27	0.632893049032067	0.5367502268796768	-0.09614282215239023
Q9BV86	NTMT1	27	0.37146661425541405	0.38677568802797446	0.015309073772560411
Q9BVS4	RIOK2	26	0.42078041758440554	0.3491550359609335	-0.07162538162347204
Q9BW60	ELOVL1	27	0.2365634745682586	0.16059619288829927	-0.07596728167995934
Q9BWU1	CDK19	27	0.4707650926167881	0.450707365791086	-0.020057726825702116
Q9BXA5	SUCNR1	39	0.3723765797223369	0.4101525430456134	0.037775963323276485
Q9BXC0	HCAR1	29	0.5050508008639405	0.6274530530425066	0.12240225217856615
Q9BXF3	CECR2	39	0.5608496904860213	0.6392990741642813	0.07844938367826004
Q9BYF1	ACE2	27	0.466381047674139	0.24368999041856787	-0.22269105725557115
Q9BYT3	STK33	24	0.17826370254235302	0.15744984137512855	-0.020813861167224473
Q9BZ95	NSD3	10	0.396988393709491	0.3451529920112546	-0.051835401698236416
Q9BZJ3	TPSD1	27	0.33130202505466333	0.4259832507334969	0.09468122567883358
Q9BZP6	CHIA	27	0.49441027290330786	0.31077081020798486	-0.183639462695323
Q9C0B1	FTO	27	0.34671495351107	0.22581954001681032	-0.1208954134942597
Q9GZN0	GPR88	39	0.49916287667328013	0.5429472875193881	0.04378441084610801
Q9GZQ6	NPFFR1	39	0.5181703185140855	0.5645038575199604	0.04633353900587489
Q9GZQ8	MAP1LC3B	10	0.545672511681656	0.567257197407426	0.021584685725769992
Q9GZT9	EGLN1	27	0.39132500709115314	0.33317997086113027	-0.05814503623002287
Q9GZV3	SLC5A7	11	0.4982789082212279	0.44133397402284186	-0.05694493419838603
Q9GZZ1	NAA50	10	0.5206220167813898	0.5649268954428981	0.04430487866150834
Q9H0K1	SIK2	27	0.4600829497410333	0.3432944492463277	-0.11678850049470563
Q9H1C0	LPAR5	39	0.34968971281618283	0.41430813355003693	0.0646184207338541
Q9H1D0	TRPV6	13	0.9214458866963089	0.8153110254967317	-0.10613486119957716
Q9H228	S1PR5	39	0.47453397643374123	0.5094195704382062	0.03488559400446495
Q9H237	PORCN	27	0.2762210742371148	0.1574068490488921	-0.11881422518822268
Q9H244	P2RY12	39	0.5775172849987397	0.6930278039378817	0.11551051893914199
Q9H2G2	SLK	27	0.2837563085206254	0.24538628358805648	-0.038370024932568914
Q9H2X6	HIPK2	20	0.3178325209788453	0.23887065976584096	-0.07896186121300433
Q9H2X9	SLC12A5	16	0.8433985870624768	0.8120528042689606	-0.031345782793516186
Q9H3N8	HRH4	39	0.5558094245447239	0.518916719115742	-0.03689270542898193
Q9H3R0	KDM4C	38	0.7096081847244787	0.6800300012749616	-0.029578183449517126
Q9H4B4	PLK3	14	0.5072131293453559	0.46338452173987943	-0.043828607605476466
Q9H5I1	SUV39H2	39	0.414789195954385	0.4814126662326409	0.06662347027825588
Q9H5J4	ELOVL6	23	0.7558100208604066	0.5381936828012197	-0.2176163380591869
Q9H6Z9	EGLN3	27	0.36996090745914867	0.3858830588815111	0.01592215142236242
Q9H7B4	SMYD3	103	0.5930580698183071	0.6219720372100254	0.028913967391718254
Q9H7Z7	PTGES2	27	0.4118843259831018	0.2959313159467936	-0.1159530100363082
Q9H8M2	BRD9	39	0.4798438332000843	0.5341877764530198	0.05434394325293557
Q9H999	PANK3	27	0.4686611977311288	0.4841496907066064	0.015488492975477608
Q9H9B1	EHMT1	39	0.4793033628749207	0.5315712505869916	0.052267887712070915
Q9HAZ1	CLK4	27	0.42688816376729694	0.30410345117675913	-0.1227847125905378
Q9HBA0	TRPV4	25	0.7932603015075377	0.7351593969849246	-0.05810090452261307
Q9HBH1	PDF	27	0.38991701303506565	0.2849178803519594	-0.10499913268310623
Q9HBH9	MKNK2	27	0.5555298710638517	0.39524245043451456	-0.1602874206293371
Q9HBW0	LPAR2	26	0.5167280382408173	0.5939456677956563	0.07721762955483902
Q9HBX9	RXFP1	17	0.5320240288099805	0.5352097023236677	0.0031856735136872594
Q9HC29	NOD2	10	0.3684138069637743	0.43784454604833445	0.06943073908456016
Q9HC97	GPR35	39	0.5603674682741084	0.6197929150706426	0.059425446796534165
Q9HCE7	SMURF1	27	0.6916394373830704	0.6366057609198175	-0.05503367646325297
Q9HCG7	GBA2	27	0.30010727928274006	0.1691521065377826	-0.13095517274495747
Q9HCR9	PDE11A	27	0.3169946464585553	0.30401132202173425	-0.012983324436821042
Q9NP56	PDE7B	27	0.4183983225421244	0.41362379887777384	-0.0047745236643505495
Q9NPC1	LTB4R2	39	0.5609178613973258	0.5637123532907864	0.0027944918934605933
Q9NPC2	KCNK9	25	0.5032663316582915	0.45588984924623116	-0.04737648241206033
Q9NPD5	SLCO1B3	13	0.4804801276382593	0.5016882386043895	0.021208110966130178
Q9NPH5	NOX4	27	0.5182929416783364	0.4599113475573304	-0.05838159412100602
Q9NQS5	GPR84	39	0.5893649770074594	0.6249977448186241	0.035632767811164756
Q9NR19	ACSS2	27	0.5858710727853826	0.5350859462650653	-0.0507851265203173
Q9NR96	TLR9	39	0.6703378442115551	0.6162118159132814	-0.05412602829827362
Q9NR97	TLR8	130	0.5733072008729738	0.5704206216842667	-0.0028865791887071612
Q9NRA0	SPHK2	27	0.5405349670159013	0.5927195260950713	0.05218455907916997
Q9NRG4	SMYD2	39	0.3946924370752849	0.48077786489221264	0.08608542781692774
Q9NRM0	SLC2A9	16	0.4832665889517532	0.5368383764282628	0.05357178747650965
Q9NRM7	LATS2	102	0.3545676691766394	0.3699677531513697	0.015400083974730305
Q9NS75	CYSLTR2	24	0.6570335976522849	0.6117220764950436	-0.04531152115724124
Q9NSD7	RXFP3	21	0.4012289048920742	0.4880416389099457	0.08681273401787148
Q9NTG7	SIRT3	24	0.5593157773958721	0.6628266717587428	0.10351089436287064
Q9NUW8	TDP1	27	0.5252139815950144	0.5519284586401513	0.026714477045136853
Q9NWZ3	IRAK4	313	0.4521373148847422	0.4251453047458059	-0.026992010138936262
Q9NXA8	SIRT5	19	0.3325258355222166	0.4017023041191909	0.0691764685969743
Q9NXG6	P4HTM	23	0.3145444749635795	0.36992396045349313	0.055379485489913616
Q9NXS2	QPCTL	27	0.5099683745736933	0.4799992257428588	-0.029969148830834458
Q9NY59	SMPD3	27	0.4149809823089688	0.40053233900848934	-0.014448643300479458
Q9NY91	SLC5A4	16	0.5619435176717684	0.6711393567416013	0.10919583906983288
Q9NYA1	SPHK1	27	0.44931072502480973	0.40337233653682225	-0.04593838848798748
Q9NYK1	TLR7	222	0.5305227888835635	0.5226100696630288	-0.007912719220534714
Q9NYL2	MAP3K20	27	0.3919148198028175	0.4327168683085385	0.040802048505721
Q9NYV4	CDK12	27	0.45669855266028053	0.40626314469004776	-0.05043540797023277
Q9NYV8	TAS2R14	39	0.3568142818188051	0.5064877057820789	0.14967342396327382
Q9NYW2	TAS2R8	39	0.38990513805060584	0.4467741112394631	0.05686897318885725
Q9NYY3	PLK2	27	0.3341939499249194	0.29619616400255205	-0.037997785922367355
Q9NZ08	ERAP1	27	0.45556936562283407	0.38690671615956546	-0.06866264946326861
Q9NZJ5	EIF2AK3	27	0.46995249485751805	0.45985030035965735	-0.010102194497860706
Q9NZQ8	TRPM5	25	0.7121865326633167	0.685196783919598	-0.026989748743718622
Q9P1W9	PIM2	58	0.536410360323975	0.5004265840377488	-0.03598377628622629
Q9UBE0	SAE1	10	0.4296467869165453	0.6207948550469778	0.19114806813043256
Q9UBF8	PI4KB	27	0.5065123214834766	0.48284797088793147	-0.023664350595545114
Q9UBL9	P2RX2	21	0.6810159342720847	0.590315584345975	-0.09070034992610976
Q9UBY5	LPAR3	39	0.4410786828916013	0.46698672200752894	0.02590803911592765
Q9UDY8	MALT1	135	0.40163858797926616	0.39175690228914894	-0.009881685690117215
Q9UEE5	STK17A	27	0.4605642547812239	0.3970375730612117	-0.06352668172001225
Q9UGN5	PARP2	27	0.5557643816402786	0.4960918626318936	-0.05967251900838505
Q9UHC3	ASIC3	12	0.527247696280888	0.6147103058561864	0.08746260957529839
Q9UHC9	NPC1L1	11	0.8815621191719027	0.8781089732463409	-0.0034531459255618957
Q9UHD2	TBK1	27	0.5267935778348047	0.4880153928275498	-0.03877818500725494
Q9UHH9	IP6K2	11	0.49309644874088066	0.5296586866717703	0.03656223793088964
Q9UHL4	DPP7	27	0.5825261330397112	0.5878472896905429	0.00532115665083166
Q9UHP3	USP25	18	0.38317237313287844	0.43292655011428566	0.04975417698140722
Q9UIQ6	LNPEP	27	0.3426102739455772	0.4108547128808842	0.06824443893530702
Q9UJ42	GPR160	39	0.4874898001368057	0.5558609715476008	0.06837117141079513
Q9UJM8	HAO1	27	0.39489905994760366	0.47938987048315884	0.08449081053555518
Q9UK32	RPS6KA6	17	0.37458472153583866	0.32587507005053096	-0.0487096514853077
Q9UKE5	TNIK	27	0.2979873781196421	0.25744087169442453	-0.040546506425217566
Q9UKP6	UTS2R	39	0.570995429327255	0.622544365216701	0.05154893588944598
Q9UL51	HCN2	24	0.626188849023293	0.5560425690864079	-0.07014627993688505
Q9UL62	TRPC5	25	0.515436783919598	0.3747718592964825	-0.14066492462311553
Q9UM07	PADI4	27	0.6262623555433461	0.6333754707892881	0.007113115245942048
Q9UNA0	ADAMTS5	27	0.4360958679236434	0.4009535274485324	-0.035142340475111
Q9UNQ0	ABCG2	16	0.34543232270447904	0.3583582891999718	0.012925966495492769
Q9UPY5	SLC7A11	11	0.7437994105900129	0.6378079283499627	-0.10599148224005017
Q9UQ88	CDK11A	18	0.4186779712873355	0.3967493074189085	-0.021928663868427012
Q9UQB9	AURKC	18	0.4898549850764267	0.4264278448305702	-0.0634271402458565
Q9UQM7	CAMK2A	14	0.30070903862745973	0.31630745775413194	0.015598419126672203
Q9Y210	TRPC6	25	0.5467718592964824	0.6229993969849246	0.07622753768844215
Q9Y233	PDE10A	696	0.3857317390667707	0.36603959957306964	-0.019692139493701077
Q9Y239	NOD1	15	0.41548990051251133	0.436774863497806	0.021284962985294642
Q9Y243	AKT3	27	0.32711321947286487	0.3276827451584733	0.0005695256856084185
Q9Y251	HPSE	27	0.5187589849191088	0.4852243447290584	-0.03353464019005037
Q9Y271	CYSLTR1	39	0.4885374929702775	0.4897384092698006	0.0012009162995231248
Q9Y2K2	SIK3	27	0.39325823039063507	0.36818179110989013	-0.025076439280744933
Q9Y2K7	KDM2A	21	0.5491681597868284	0.6348938353279887	0.08572567554116028
Q9Y2R2	PTPN22	27	0.31718411611474784	0.31009891879457097	-0.0070851973201768725
Q9Y2T5	GPR52	39	0.5281694061321346	0.5216802828074766	-0.006489123324658008
Q9Y2T6	GPR55	39	0.5476923180017083	0.6013019741986632	0.0536096561969549
Q9Y337	KLK5	27	0.338669379544573	0.28873612199910215	-0.049933257545470844
Q9Y345	SLC6A5	16	0.6929150252740958	0.7825071099096564	0.08959208463556068
Q9Y3Q0	NAALAD2	13	0.422320153116439	0.43463563729461313	0.01231548417817413
Q9Y463	DYRK1B	27	0.45894687628189806	0.3636201881593749	-0.09532668812252315
Q9Y466	NR2E1	40	0.578502538071066	0.509647182992411	-0.06885535507865503
Q9Y4D2	DAGLA	27	0.32208017581592935	0.272478583228548	-0.04960159258738134
Q9Y4P1	ATG4B	10	0.5246656282972417	0.4237692810129126	-0.10089634728432911
Q9Y572	RIPK3	27	0.42178513917644356	0.42842123013081224	0.006636090954368679
Q9Y5A9	YTHDF2	16	0.6827039514013808	0.57336899174949	-0.10933495965189088
Q9Y5N1	HRH3	274	0.5415196132904064	0.564265601177638	0.02274598788723159
Q9Y5S8	NOX1	16	0.5683929971158388	0.5951917665738777	0.02679876945803894
Q9Y5X4	NR2E3	15	0.5778742504940877	0.5965979968512378	0.01872374635715013
Q9Y5X5	NPFFR2	25	0.6148888442211056	0.6349228140703518	0.020033969849246214
Q9Y5X9	LIPG	27	0.5749868041270884	0.5058084175151855	-0.0691783866119029
Q9Y5Y4	PTGDR2	119	0.4711597815393183	0.5211072256599157	0.04994744412059743
Q9Y5Y6	ST14	27	0.53935087472445	0.6154000489866538	0.07604917426220381
Q9Y616	IRAK3	23	0.5101732715881613	0.48705029306817516	-0.023122978519986126
Q9Y657	SPIN1	10	0.5671717831482691	0.6236577400391902	0.05648595689092106
Q9Y6K0	CEPT1	25	0.4559959798994974	0.41149668341708545	-0.044499296482411965
Q9Y6L6	SLCO1B1	16	0.569000040197369	0.6584109226301138	0.08941088243274475
