uniprot_id	gene_name	n_pockets	n_conformations	n_actives	n_total	prevalence	auroc	ef1	ef5	bedroc_a20
O60674	JAK2	6	47	3483	99525	0.0350	0.4385	0.2871	0.6374	1.0002
P23458	JAK1	8	53	3300	99525	0.0332	0.4265	0.5152	0.5455	1.0002
P29597	TYK2	6	50	3240	99525	0.0326	0.4126	0.2160	0.2901	1.0003
P52333	JAK3	5	44	1829	99525	0.0184	0.4371	0.2734	0.2843	1.0004
Q92918	MAP4K1	5	26	1600	99525	0.0161	0.3836	0.5000	0.3750	1.0005
P11309	PIM1	2	15	1374	99525	0.0138	0.4543	0.6550	0.6405	1.0004
P14416	DRD2	8	48	1095	99525	0.0110	0.5216	1.4612	1.2420	1.0000
P41145	OPRK1	3	22	1056	99525	0.0106	0.5250	0.8523	0.9470	1.0001
P10415	BCL2	1	5	973	99525	0.0098	0.5919	1.3361	1.1511	0.9998
P41143	OPRD1	1	10	956	99525	0.0096	0.4845	1.0460	1.0251	1.0001
Q06187	BTK	5	41	956	99525	0.0096	0.4641	0.2092	0.4393	1.0006
P35372	OPRM1	1	3	947	99525	0.0095	0.5242	1.4784	1.0137	1.0000
P04049	RAF1	4	18	899	99525	0.0090	0.5226	0.4449	0.7564	1.0004
P08908	HTR1A	7	41	883	99525	0.0089	0.5250	0.5663	0.9966	1.0001
P35462	DRD3	2	13	836	99525	0.0084	0.5119	1.7943	1.3876	0.9998
P03372	ESR1	1	2	779	99525	0.0078	0.4712	0.7702	0.5135	1.0005
P15056	BRAF	3	12	750	99525	0.0075	0.5188	0.9333	1.0667	1.0001
P28482	MAPK1	4	15	740	99525	0.0074	0.3431	0.1351	0.3514	1.0009
Q9Y233	PDE10A	6	47	731	99525	0.0073	0.3873	0.5472	0.2462	1.0009
Q13547	HDAC1	2	20	704	99525	0.0071	0.5588	1.1364	1.0227	1.0000
P28223	HTR2A	6	31	677	99525	0.0068	0.5487	1.0340	1.2408	0.9999
P00533	EGFR	9	60	645	99525	0.0065	0.4910	0.4651	0.8372	1.0002
P00742	F10	3	15	612	99525	0.0061	0.4470	0.4902	0.4902	1.0008
P29274	ADORA2A	6	35	605	99525	0.0061	0.5604	2.3140	1.2562	0.9995
P51449	RORC	4	29	601	99525	0.0060	0.4454	1.1647	0.8319	1.0003
Q9P1W9	PIM2	4	24	588	99525	0.0059	0.5098	2.0408	1.3946	0.9996
O60885	BRD4	3	24	557	99525	0.0056	0.5792	2.5135	1.4363	0.9994
P31645	SLC6A4	4	37	543	99525	0.0055	0.5798	1.4733	1.9153	0.9986
P00519	ABL1	2	18	542	99525	0.0054	0.5022	0.9225	1.5498	0.9996
P00734	F2	3	29	528	99525	0.0053	0.4300	0.5682	0.4545	1.0010
P00915	CA1	1	3	514	99525	0.0052	0.4909	0.9728	0.7004	1.0006
P20309	CHRM3	7	52	506	99525	0.0051	0.5797	1.3834	1.3439	0.9995
P30542	ADORA1	5	25	506	99525	0.0051	0.5444	0.9881	0.9091	1.0001
P07550	ADRB2	6	39	498	99525	0.0050	0.4790	0.8032	0.7631	1.0004
P08253	MMP2	5	45	482	99525	0.0048	0.4619	1.2448	0.9129	1.0002
P25103	TACR1	6	26	465	99525	0.0047	0.5546	0.8602	1.2043	0.9995
P35348	ADRA1A	4	21	424	99525	0.0043	0.4940	0.7075	0.8491	1.0001
P61964	WDR5	3	24	420	99525	0.0042	0.6283	1.4286	1.5238	0.9987
Q16790	CA9	1	10	417	99525	0.0042	0.5029	0.7194	0.7194	1.0007
Q9NWZ3	IRAK4	2	11	416	99525	0.0042	0.4781	0.2404	0.5769	1.0009
P42336	PIK3CA	9	80	414	99525	0.0042	0.4777	0.7246	0.9179	1.0003
Q92769	HDAC2	1	10	414	99525	0.0042	0.5629	0.4831	0.5797	1.0007
Q86V86	PIM3	3	18	411	99525	0.0041	0.4460	0.0000	0.2433	1.0017
P35414	APLNR	7	49	406	99525	0.0041	0.4893	1.7241	1.4778	0.9994
P28335	HTR2C	5	27	400	99525	0.0040	0.5363	1.2500	1.1000	0.9996
P35968	KDR	7	37	391	99525	0.0039	0.5192	0.7673	1.2276	0.9997
Q9Y5N1	HRH3	4	15	389	99525	0.0039	0.5268	1.7995	1.2339	0.9994
P45452	MMP13	2	19	378	99525	0.0038	0.5098	0.5291	0.9524	1.0001
Q07343	PDE4B	3	24	373	99525	0.0037	0.4497	1.0724	0.6434	1.0012
Q15910	EZH2	6	53	373	99525	0.0037	0.4655	0.5362	0.6971	1.0010
Q9NYK1	TLR7	8	72	369	99525	0.0037	0.5311	1.8970	1.3550	0.9993
P0DMS8	ADORA3	9	48	361	99525	0.0036	0.5784	1.1080	1.3850	0.9990
P03951	F11	4	28	352	99525	0.0035	0.4573	0.0000	0.3977	1.0015
O60341	KDM1A	3	27	350	99525	0.0035	0.4837	1.4286	0.6857	1.0006
P21728	DRD1	4	27	350	99525	0.0035	0.5298	1.4286	0.9714	1.0000
O43570	CA12	2	19	345	99525	0.0035	0.4402	0.2899	0.5217	1.0016
Q9NR97	TLR8	3	27	345	99525	0.0035	0.5563	3.7681	1.8551	0.9973
P48730	CSNK1D	4	16	344	99525	0.0035	0.5074	5.2326	1.9186	0.9978
P49674	CSNK1E	3	18	344	99525	0.0035	0.5401	1.7442	1.2209	0.9994
P29275	ADORA2B	6	35	342	99525	0.0034	0.5424	1.1696	1.4620	0.9993
P35368	ADRA1B	2	14	342	99525	0.0034	0.5352	2.0468	1.1696	0.9994
P06239	LCK	7	57	341	99525	0.0034	0.4731	0.5865	0.9384	1.0007
O14965	AURKA	6	28	339	99525	0.0034	0.4589	0.8850	0.8850	1.0003
P50406	HTR6	6	27	339	99525	0.0034	0.4958	2.6549	1.1209	0.9996
P21453	S1PR1	7	46	337	99525	0.0034	0.6076	2.0772	1.7211	0.9981
O60563	CCNT1	2	17	331	99525	0.0033	0.7856	8.7613	9.4864	0.9823
P01116	KRAS	1	1	329	99525	0.0033	0.5241	1.5198	1.1550	0.9995
P34972	CNR2	1	9	324	99525	0.0033	0.4756	0.6173	0.9259	1.0004
P36888	FLT3	2	10	316	99525	0.0032	0.5270	1.5823	1.4557	0.9988
O00329	PIK3CD	8	66	314	99525	0.0032	0.4876	0.6369	0.4459	1.0010
P14780	MMP9	6	54	313	99525	0.0031	0.4464	0.6390	0.7668	1.0010
P08588	ADRB1	4	28	312	99525	0.0031	0.5315	0.6410	1.3462	0.9994
P08172	CHRM2	8	49	306	99525	0.0031	0.5285	1.3072	0.9150	1.0001
P25100	ADRA1D	4	30	306	99525	0.0031	0.6051	2.2876	2.0915	0.9975
P48039	MTNR1A	4	18	286	99525	0.0029	0.5614	1.0490	1.7483	0.9981
P49286	MTNR1B	5	20	284	99525	0.0029	0.5671	3.1690	2.5352	0.9966
P04629	NTRK1	8	44	281	99525	0.0028	0.4271	0.3559	0.6406	1.0012
O43614	HCRTR2	4	34	279	99525	0.0028	0.4968	1.0753	1.0036	1.0008
P28221	HTR1D	7	39	279	99525	0.0028	0.5931	1.0753	1.7204	0.9983
O14757	CHEK1	3	20	274	99525	0.0028	0.3957	0.0000	0.2920	1.0025
P03956	MMP1	1	10	273	99525	0.0027	0.4823	0.0000	0.7326	1.0012
P07949	RET	6	48	271	99525	0.0027	0.4364	1.4760	0.8856	1.0005
Q02108	GUCY1A1	1	10	270	99525	0.0027	0.3952	0.3704	0.0741	1.0027
P34913	EPHX2	3	28	262	99525	0.0026	0.4959	1.1450	0.7634	1.0005
Q92731	ESR2	2	10	260	99525	0.0026	0.4949	0.7692	1.0769	1.0006
P21554	CNR1	1	3	259	99525	0.0026	0.5621	1.9305	1.0811	0.9991
P11229	CHRM1	8	42	258	99525	0.0026	0.5040	0.3876	0.7752	1.0010
P25774	CTSS	1	10	258	99525	0.0026	0.5171	0.7752	1.2403	0.9992
P30530	AXL	5	31	254	99525	0.0026	0.4740	1.5748	0.7874	0.9998
P03952	KLKB1	4	35	253	99525	0.0025	0.4464	0.0000	0.0791	1.0028
P06401	PGR	1	5	253	99525	0.0025	0.5324	1.1858	0.9486	0.9998
P28222	HTR1B	4	29	251	99525	0.0025	0.6359	2.3904	2.0717	0.9970
P23975	SLC6A2	4	29	246	99525	0.0025	0.5786	1.2195	1.9512	0.9977
Q12884	FAP	5	47	245	99525	0.0025	0.4867	0.0000	0.1633	1.0017
Q01959	SLC6A3	3	21	238	99525	0.0024	0.5263	1.6807	1.0084	0.9996
Q16539	MAPK14	6	36	238	99525	0.0024	0.4472	0.4202	0.5042	1.0020
O76074	PDE5A	4	26	236	99525	0.0024	0.4583	0.8475	0.6780	1.0012
P17252	PRKCA	7	52	233	99525	0.0023	0.5782	1.2876	1.1159	0.9993
Q96GD4	AURKB	3	16	230	99525	0.0023	0.5193	0.4348	1.1304	0.9993
P32245	MC4R	1	1	227	99525	0.0023	0.4446	0.4405	0.7048	1.0017
P21917	DRD4	10	69	225	99525	0.0023	0.4627	1.3333	0.9778	1.0004
Q13627	DYRK1A	6	30	225	99525	0.0023	0.4540	0.0000	0.5333	1.0021
P49841	GSK3B	4	23	223	99525	0.0022	0.5207	0.4484	1.7937	0.9983
Q8NER1	TRPV1	3	25	222	99525	0.0022	0.6367	3.1532	3.1532	0.9920
P56817	BACE1	2	10	219	99525	0.0022	0.4367	0.0000	0.7306	1.0018
P41595	HTR2B	5	22	217	99525	0.0022	0.5130	0.4608	1.0138	1.0006
P12931	SRC	4	36	212	99525	0.0021	0.4995	0.4717	0.9434	1.0002
P30559	OXTR	3	23	210	99525	0.0021	0.5050	1.9048	1.4286	0.9985
P49760	CLK2	5	21	210	99525	0.0021	0.5068	0.4762	0.9524	1.0008
O75116	ROCK2	4	30	209	99525	0.0021	0.5299	1.9139	1.2440	0.9989
P51681	CCR5	4	11	207	99525	0.0021	0.5032	1.4493	1.1594	1.0000
P37288	AVPR1A	3	22	206	99525	0.0021	0.5144	0.9709	0.4854	1.0015
P09960	LTA4H	2	9	205	99525	0.0021	0.5623	2.4390	1.8537	0.9967
P31749	AKT1	3	15	205	99525	0.0021	0.5794	2.4390	1.2683	0.9979
P34969	HTR7	5	26	201	99525	0.0020	0.4801	0.4975	1.1940	0.9995
P43220	GLP1R	2	18	201	99525	0.0020	0.4725	0.9950	0.9950	1.0000
P06870	KLK1	3	19	200	99525	0.0020	0.4438	0.0000	0.5000	1.0028
P10275	AR	3	18	199	99525	0.0020	0.4283	0.0000	0.5025	1.0022
P27487	DPP4	1	10	199	99525	0.0020	0.4201	0.0000	0.4020	1.0035
P48736	PIK3CG	5	36	197	99525	0.0020	0.4405	0.0000	0.7107	1.0018
P27986	PIK3R1	1	9	195	99525	0.0020	0.3844	0.0000	0.3077	1.0036
P25101	EDNRA	6	49	194	99525	0.0019	0.5043	0.5155	1.3402	0.9999
P31639	SLC5A2	9	81	194	99525	0.0019	0.5229	1.5464	1.4433	0.9979
P08913	ADRA2A	3	24	192	99525	0.0019	0.5020	2.0833	1.1458	0.9996
P22894	MMP8	2	16	192	99525	0.0019	0.4384	0.0000	0.4167	1.0030
P23443	RPS6KB1	8	45	190	99525	0.0019	0.4516	1.0526	0.8421	1.0008
Q5JRX3	PITRM1	5	43	189	99525	0.0019	0.4335	1.0582	0.6349	1.0023
Q99500	S1PR3	4	26	189	99525	0.0019	0.5368	1.5873	0.9524	0.9996
O43613	HCRTR1	6	33	188	99525	0.0019	0.5218	0.5319	1.3830	0.9993
P11362	FGFR1	9	46	188	99525	0.0019	0.5433	3.7234	1.9149	0.9954
P07711	CTSL	2	12	182	99525	0.0018	0.4610	1.0989	0.9890	1.0015
P35367	HRH1	5	35	181	99525	0.0018	0.3980	0.0000	0.5525	1.0028
Q05397	PTK2	7	43	181	99525	0.0018	0.4909	0.5525	0.5525	1.0019
O00408	PDE2A	6	47	176	99525	0.0018	0.4831	1.1364	0.4545	1.0014
P06276	BCHE	3	27	176	99525	0.0018	0.5039	0.0000	0.4545	1.0024
Q13557	CAMK2D	7	48	175	99525	0.0018	0.4583	0.0000	0.2286	1.0037
P08246	ELANE	3	24	174	99525	0.0017	0.4640	1.1494	0.6897	1.0017
P18825	ADRA2C	6	35	173	99525	0.0017	0.6263	1.1561	1.7341	0.9969
P08173	CHRM4	5	35	171	99525	0.0017	0.5487	2.3392	2.3392	0.9946
P37231	PPARG	1	4	169	99525	0.0017	0.4889	0.0000	1.0651	0.9998
P00374	DHFR	2	13	168	99525	0.0017	0.4887	2.3810	0.9524	0.9999
P06213	INSR	8	58	168	99525	0.0017	0.4107	0.0000	0.1190	1.0046
P22748	CA4	3	28	168	99525	0.0017	0.4211	1.1905	0.3571	1.0032
P13945	ADRB3	4	24	166	99525	0.0017	0.5515	1.2048	1.2048	1.0002
P21918	DRD5	5	28	166	99525	0.0017	0.5899	1.2048	1.4458	0.9973
P04626	ERBB2	8	62	165	99525	0.0017	0.4706	0.0000	0.8485	1.0006
P10721	KIT	6	46	163	99525	0.0016	0.5074	0.6135	0.9816	1.0001
P43235	CTSK	1	10	163	99525	0.0016	0.4492	1.2270	0.6135	1.0018
P42338	PIK3CB	9	79	162	99525	0.0016	0.4525	0.6173	0.1235	1.0044
P50613	CDK7	3	25	161	99525	0.0016	0.5058	0.0000	0.8696	1.0012
P09619	PDGFRB	4	21	155	99525	0.0016	0.4217	1.9355	0.7742	1.0015
P09874	PARP1	2	13	155	99525	0.0016	0.3939	1.9355	0.6452	1.0017
P30518	AVPR2	3	23	154	99525	0.0015	0.4577	0.6494	0.7792	1.0015
P50052	AGTR2	5	32	153	99525	0.0015	0.4627	0.6536	0.6536	1.0017
P07333	CSF1R	5	29	152	99525	0.0015	0.4953	2.6316	1.4474	0.9960
P21452	TACR2	7	43	150	99525	0.0015	0.6032	0.6667	1.0667	0.9982
P54750	PDE1A	3	21	150	99525	0.0015	0.5829	0.6667	1.0667	0.9975
Q9Y463	DYRK1B	5	19	149	99525	0.0015	0.5002	0.0000	2.1477	0.9961
Q02127	DHODH	1	10	147	99525	0.0015	0.4459	1.3605	0.4082	1.0027
Q08881	ITK	9	59	146	99525	0.0015	0.4573	0.0000	0.4110	1.0039
P08581	MET	11	82	145	99525	0.0015	0.5021	0.0000	1.1034	0.9998
P30556	AGTR1	4	25	145	99525	0.0015	0.4708	0.0000	0.6897	1.0022
Q04759	PRKCQ	10	60	145	99525	0.0015	0.4640	0.0000	0.6897	1.0025
Q96RI0	F2RL3	1	9	143	99525	0.0014	0.4748	1.3986	0.9790	1.0008
P78536	ADAM17	3	22	142	99525	0.0014	0.5109	2.1127	1.2676	0.9985
P30874	SSTR2	2	15	140	99525	0.0014	0.4715	2.1429	1.1429	0.9993
P46098	HTR3A	3	26	140	99525	0.0014	0.6828	4.2857	2.7143	0.9879
Q14123	PDE1C	3	11	140	99525	0.0014	0.4648	0.0000	0.4286	1.0035
P24530	EDNRB	3	22	138	99525	0.0014	0.5633	0.7246	1.5942	0.9992
Q01726	MC1R	4	25	138	99525	0.0014	0.5765	0.0000	1.4493	0.9987
P41146	OPRL1	4	25	136	99525	0.0014	0.4663	0.7353	0.4412	1.0023
Q92630	DYRK2	2	14	136	99525	0.0014	0.4120	0.0000	0.5882	1.0033
Q9UDY8	MALT1	1	10	135	99525	0.0014	0.4016	0.7407	0.2963	1.0046
O14744	PRMT5	4	27	134	99525	0.0013	0.5679	0.7463	1.1940	0.9984
P21589	NT5E	2	20	134	99525	0.0013	0.4593	0.0000	0.0000	1.0054
P50281	MMP14	2	18	134	99525	0.0013	0.4297	0.7463	1.0448	1.0000
Q02156	PRKCE	6	30	134	99525	0.0013	0.5514	0.0000	0.8955	0.9987
O14920	IKBKB	4	38	133	99525	0.0013	0.4054	0.0000	0.1504	1.0061
P41968	MC3R	2	13	133	99525	0.0013	0.4257	0.0000	0.3008	1.0033
Q99685	MGLL	2	15	132	99525	0.0013	0.4462	1.5152	0.7576	1.0027
Q9NRM7	LATS2	1	10	132	99525	0.0013	0.3597	2.2727	0.9091	1.0014
Q9Y5Y4	PTGDR2	7	47	131	99525	0.0013	0.4810	1.5267	0.7634	1.0009
P49759	CLK1	2	15	129	99525	0.0013	0.4972	0.0000	0.0000	1.0047
P47901	AVPR1B	2	20	128	99525	0.0013	0.5184	0.0000	0.3125	1.0054
Q07889	SOS1	2	16	127	99525	0.0013	0.5635	0.7874	0.7874	0.9986
Q8N1Q1	CA13	2	19	127	99525	0.0013	0.4014	0.0000	0.0000	1.0063
Q99558	MAP3K14	3	22	127	99525	0.0013	0.4989	0.7874	0.7874	1.0014
Q96T53	MBOAT4	4	35	125	99525	0.0013	0.4667	0.8000	1.2800	1.0004
P18089	ADRA2B	3	16	124	99525	0.0012	0.6189	0.0000	0.8065	1.0000
P24941	CDK2	6	38	124	99525	0.0012	0.5237	0.0000	1.6129	0.9968
Q9H228	S1PR5	3	18	124	99525	0.0012	0.4817	3.2258	1.4516	0.9974
O14842	FFAR1	4	22	123	99525	0.0012	0.5219	0.0000	0.8130	1.0028
P30968	GNRHR	3	21	122	99525	0.0012	0.6588	3.2787	1.9672	0.9917
P51617	IRAK1	7	44	122	99525	0.0012	0.4925	0.0000	0.3279	1.0043
P42681	TXK	6	51	121	99525	0.0012	0.4875	0.0000	0.3306	1.0053
P08912	CHRM5	10	54	120	99525	0.0012	0.4438	0.8333	0.3333	1.0045
Q07869	PPARA	1	5	120	99525	0.0012	0.5211	1.6667	0.5000	1.0026
Q16659	MAPK6	5	31	118	99525	0.0012	0.3284	0.8475	0.3390	1.0055
O00519	FAAH	2	19	115	99525	0.0012	0.5531	0.8696	0.8696	0.9987
P22607	FGFR3	8	37	115	99525	0.0012	0.5138	0.8696	1.5652	0.9977
Q13464	ROCK1	4	32	115	99525	0.0012	0.4983	0.8696	1.3913	0.9994
P35346	SSTR5	4	19	114	99525	0.0011	0.6395	0.8772	1.4035	0.9969
P32745	SSTR3	2	19	113	99525	0.0011	0.6198	1.7699	1.0619	0.9984
Q8NHM5	KDM2B	1	9	113	99525	0.0011	0.4400	0.8850	0.5310	1.0034
P16234	PDGFRA	5	30	112	99525	0.0011	0.4820	0.0000	0.5357	1.0024
Q05655	PRKCD	5	18	112	99525	0.0011	0.4891	0.0000	0.8929	0.9997
P33032	MC5R	3	14	111	99525	0.0011	0.4381	0.0000	0.3604	1.0048
P35408	PTGER4	5	28	111	99525	0.0011	0.7288	7.2072	6.3063	0.9637
P98073	TMPRSS15	2	14	111	99525	0.0011	0.5448	0.0000	1.2613	0.9977
Q92633	LPAR1	7	55	111	99525	0.0011	0.5706	0.9009	1.6216	0.9964
Q99705	MCHR1	5	39	111	99525	0.0011	0.5216	2.7027	1.6216	0.9949
P10276	RARA	4	20	109	99525	0.0011	0.5627	3.6697	3.1193	0.9848
P17948	FLT1	6	33	107	99525	0.0011	0.5214	1.8692	2.9907	0.9866
P28845	HSD11B1	1	10	106	99525	0.0011	0.5132	0.9434	1.8868	0.9962
P10828	THRB	4	19	105	99525	0.0011	0.6196	2.8571	1.3333	0.9923
P19793	RXRA	1	4	105	99525	0.0011	0.5475	2.8571	3.8095	0.9826
P53350	PLK1	3	27	105	99525	0.0011	0.4301	0.0000	0.3810	1.0042
P13866	SLC5A1	5	50	104	99525	0.0010	0.5320	0.9615	1.1538	0.9983
P32239	CCKBR	5	31	104	99525	0.0010	0.5433	0.9615	2.3077	0.9908
Q12866	MERTK	8	37	104	99525	0.0010	0.4347	0.0000	1.1538	0.9990
Q9H0K1	SIK2	6	31	104	99525	0.0010	0.4890	0.0000	0.3846	1.0043
Q9HAZ1	CLK4	5	25	104	99525	0.0010	0.5250	0.9615	1.1538	0.9984
P45983	MAPK8	9	45	103	99525	0.0010	0.3967	0.0000	0.3883	1.0060
Q16853	AOC3	6	56	103	99525	0.0010	0.4408	0.0000	0.1942	1.0052
Q9H7B4	SMYD3	3	30	103	99525	0.0010	0.5931	1.9417	1.7476	0.9923
P07948	LYN	6	37	102	99525	0.0010	0.4162	3.9216	0.7843	1.0003
P21802	FGFR2	8	43	102	99525	0.0010	0.5325	0.9804	0.5882	0.9998
O95977	S1PR4	4	28	100	99525	0.0010	0.4062	1.0000	1.0000	1.0006
P25090	FPR2	3	28	100	99525	0.0010	0.7212	2.0000	3.8000	0.9783
Q92847	GHSR	3	16	100	99525	0.0010	0.5936	5.0000	2.4000	0.9864
Q9H3N8	HRH4	4	19	100	99525	0.0010	0.4394	0.0000	1.2000	1.0001
P25021	HRH2	3	30	99	99525	0.0010	0.5251	0.0000	1.0101	0.9995
P33981	TTK	3	19	99	99525	0.0010	0.4273	1.0101	0.4040	1.0045
P42680	TEC	8	42	99	99525	0.0010	0.4143	1.0101	0.4040	1.0060
P46663	BDKRB1	6	42	99	99525	0.0010	0.5318	3.0303	1.4141	0.9932
P07339	CTSD	3	23	98	99525	0.0010	0.5613	0.0000	0.4082	1.0000
P10826	RARB	4	16	98	99525	0.0010	0.5295	0.0000	0.6122	0.9998
Q13724	MOGS	4	39	98	99525	0.0010	0.6296	1.0204	0.8163	1.0004
Q969S8	HDAC10	3	30	98	99525	0.0010	0.5602	1.0204	0.8163	0.9986
P05771	PRKCB	9	54	97	99525	0.0010	0.4889	0.0000	0.6186	1.0053
Q02763	TEK	5	36	96	99525	0.0010	0.4108	1.0417	0.2083	1.0071
P06493	CDK1	3	24	95	99525	0.0010	0.5414	0.0000	0.4211	1.0033
Q16832	DDR2	9	65	95	99525	0.0010	0.4580	0.0000	0.4211	1.0028
P09237	MMP7	3	21	94	99525	0.0009	0.5546	1.0638	1.4894	0.9992
P13631	RARG	4	8	94	99525	0.0009	0.4843	0.0000	0.2128	1.0079
P29466	CASP1	1	8	94	99525	0.0009	0.3311	0.0000	0.0000	1.0091
Q99572	P2RX7	2	20	93	99525	0.0009	0.3263	0.0000	0.2151	1.0075
P23141	CES1	7	49	92	99525	0.0009	0.5612	0.0000	0.0000	1.0053
P27815	PDE4A	2	14	92	99525	0.0009	0.4940	0.0000	0.8696	1.0024
P51451	BLK	5	41	92	99525	0.0009	0.5756	0.0000	1.5217	0.9975
Q13639	HTR4	6	42	92	99525	0.0009	0.5530	1.0870	0.6522	0.9979
Q14416	GRM2	4	20	92	99525	0.0009	0.6376	0.0000	0.0000	1.0073
P11802	CDK4	6	40	91	99525	0.0009	0.5736	3.2967	2.6374	0.9843
O95497	VNN1	1	10	90	99525	0.0009	0.4984	6.6667	1.7778	0.9918
Q08499	PDE4D	3	21	90	99525	0.0009	0.5533	2.2222	1.3333	0.9963
Q9Y5Y6	ST14	2	14	90	99525	0.0009	0.4023	0.0000	0.2222	1.0090
P49768	PSEN1	5	49	89	99525	0.0009	0.4791	1.1236	1.3483	0.9964
Q08345	DDR1	8	53	89	99525	0.0009	0.5107	1.1236	0.6742	1.0007
P10827	THRA	7	35	88	99525	0.0009	0.6154	0.0000	1.3636	0.9991
P11473	VDR	2	14	88	99525	0.0009	0.6008	0.0000	0.6818	1.0037
P22455	FGFR4	6	30	88	99525	0.0009	0.5038	1.1364	1.8182	0.9935
P36897	TGFBR1	6	34	88	99525	0.0009	0.4848	1.1364	0.9091	1.0024
P57059	SIK1	5	34	88	99525	0.0009	0.5760	3.4091	2.2727	0.9900
Q13546	RIPK1	6	35	88	99525	0.0009	0.3807	0.0000	1.3636	0.9992
P49840	GSK3A	4	29	87	99525	0.0009	0.5477	0.0000	0.2299	1.0049
Q16620	NTRK2	7	43	87	99525	0.0009	0.4549	2.2989	1.1494	0.9959
Q9NR96	TLR9	4	39	87	99525	0.0009	0.6435	1.1494	1.3793	0.9966
P21462	FPR1	1	6	86	99525	0.0009	0.5644	0.0000	0.4651	1.0044
P21731	TBXA2R	7	40	86	99525	0.0009	0.5864	0.0000	1.3953	0.9997
P06241	FYN	6	47	85	99525	0.0009	0.5501	0.0000	1.8824	0.9925
P25440	BRD2	5	37	85	99525	0.0009	0.4703	0.0000	0.4706	1.0066
P35916	FLT4	7	38	85	99525	0.0009	0.5254	16.4706	4.2353	0.9651
Q96RI1	NR1H4	6	41	85	99525	0.0009	0.5736	1.1765	2.5882	0.9866
P07384	CAPN1	4	35	84	99525	0.0008	0.4693	0.0000	0.9524	1.0034
O75164	KDM4A	2	18	83	99525	0.0008	0.5542	0.0000	0.4819	1.0003
P31213	SRD5A2	3	24	83	99525	0.0008	0.4326	0.0000	1.9277	0.9981
P32247	BRS3	5	23	83	99525	0.0008	0.6630	8.4337	6.2651	0.9576
P30411	BDKRB2	7	39	82	99525	0.0008	0.4535	0.0000	0.2439	1.0067
P35354	PTGS2	2	15	82	99525	0.0008	0.4435	1.2195	0.4878	1.0014
P51813	BMX	8	46	82	99525	0.0008	0.5169	0.0000	0.0000	1.0079
Q9BZP6	CHIA	2	12	82	99525	0.0008	0.4482	1.2195	1.2195	1.0011
P25025	CXCR2	2	12	81	99525	0.0008	0.7428	4.9383	4.6914	0.9665
P39900	MMP12	4	28	81	99525	0.0008	0.5704	0.0000	1.4815	0.9963
P49682	CXCR3	5	25	81	99525	0.0008	0.4098	1.2346	0.2469	1.0081
Q06418	TYRO3	5	24	81	99525	0.0008	0.5514	0.0000	0.9877	1.0001
Q13231	CHIT1	1	9	81	99525	0.0008	0.3105	0.0000	0.0000	1.0107
Q15303	ERBB4	5	31	81	99525	0.0008	0.4223	0.0000	0.0000	1.0067
Q96KQ7	EHMT2	4	28	80	99525	0.0008	0.4873	0.0000	0.0000	1.0074
O43781	DYRK3	2	13	79	99525	0.0008	0.4532	0.0000	0.2532	1.0055
P31391	SSTR4	4	28	79	99525	0.0008	0.6155	0.0000	0.5063	0.9968
P42261	GRIA1	4	30	79	99525	0.0008	0.6019	1.2658	2.0253	0.9939
Q5NUL3	FFAR4	2	11	79	99525	0.0008	0.6254	0.0000	0.2532	1.0025
Q13255	GRM1	7	45	78	99525	0.0008	0.3898	0.0000	0.5128	1.0076
P27338	MAOB	6	46	77	99525	0.0008	0.5278	0.0000	0.2597	1.0069
P29371	TACR3	4	21	77	99525	0.0008	0.7180	1.2987	2.3377	0.9798
Q6V1X1	DPP8	7	64	77	99525	0.0008	0.4438	2.5974	1.0390	0.9983
Q9UHD2	TBK1	4	31	77	99525	0.0008	0.5003	1.2987	1.5584	0.9941
P08631	HCK	4	29	76	99525	0.0008	0.5816	3.9474	1.5789	0.9912
P23280	CA6	1	10	76	99525	0.0008	0.4239	0.0000	1.0526	1.0014
P43116	PTGER2	3	9	76	99525	0.0008	0.7350	2.6316	3.4211	0.9743
P31751	AKT2	5	23	75	99525	0.0008	0.5302	1.3333	0.2667	1.0031
P45984	MAPK9	4	30	75	99525	0.0008	0.4866	2.6667	1.3333	0.9962
P43115	PTGER3	8	40	74	99525	0.0007	0.6509	0.0000	2.1622	0.9824
Q86TI2	DPP9	8	74	74	99525	0.0007	0.3843	2.7027	1.0811	1.0005
Q8TDU6	GPBAR1	3	14	74	99525	0.0007	0.3967	0.0000	0.8108	1.0034
Q9Y2K2	SIK3	6	34	74	99525	0.0007	0.4130	1.3514	0.5405	1.0068
P49336	CDK8	9	63	73	99525	0.0007	0.2946	0.0000	0.2740	1.0099
P55055	NR1H2	2	9	73	99525	0.0007	0.6140	1.3699	2.4658	0.9814
P68400	CSNK2A1	3	23	73	99525	0.0007	0.4426	0.0000	0.8219	1.0050
P41231	P2RY2	4	27	72	99525	0.0007	0.5099	1.3889	0.8333	1.0036
Q00534	CDK6	6	35	72	99525	0.0007	0.5371	0.0000	1.1111	1.0021
Q15059	BRD3	4	28	72	99525	0.0007	0.4602	0.0000	0.2778	1.0088
Q15418	RPS6KA1	7	42	72	99525	0.0007	0.5078	0.0000	0.2778	1.0069
Q9H3R0	KDM4C	9	84	72	99525	0.0007	0.6015	5.5556	3.8889	0.9656
O00767	SCD	2	18	71	99525	0.0007	0.4602	0.0000	1.4085	0.9959
P00740	F9	3	30	71	99525	0.0007	0.5401	0.0000	0.8451	0.9981
P07947	YES1	4	31	71	99525	0.0007	0.3530	1.4085	0.5634	1.0051
P18405	SRD5A1	1	7	71	99525	0.0007	0.4480	0.0000	0.0000	1.0110
P31644	GABRA5	1	10	71	99525	0.0007	0.5313	0.0000	0.2817	1.0105
P53779	MAPK10	6	32	71	99525	0.0007	0.4222	0.0000	0.2817	1.0111
Q07912	TNK2	6	29	71	99525	0.0007	0.5463	0.0000	0.5634	1.0019
Q14432	PDE3A	1	10	71	99525	0.0007	0.5030	0.0000	0.8451	1.0036
Q70CQ3	USP30	2	19	71	99525	0.0007	0.3408	0.0000	0.0000	1.0125
Q9H6Z9	EGLN3	1	8	71	99525	0.0007	0.3522	0.0000	0.2817	1.0104
Q9Y5X9	LIPG	1	7	71	99525	0.0007	0.5737	4.2254	3.3803	0.9735
O75460	ERN1	6	47	70	99525	0.0007	0.4416	1.4286	0.2857	1.0059
P32238	CCKAR	3	11	70	99525	0.0007	0.4648	0.0000	1.1429	1.0021
Q13043	STK4	3	24	70	99525	0.0007	0.3342	0.0000	0.0000	1.0133
P14902	IDO1	2	20	69	99525	0.0007	0.4714	0.0000	0.0000	1.0095
P43119	PTGIR	3	14	69	99525	0.0007	0.5110	0.0000	0.5797	1.0018
Q13285	NR5A1	5	32	69	99525	0.0007	0.4513	4.3478	2.0290	0.9886
Q9UGN5	PARP2	5	39	69	99525	0.0007	0.4700	0.0000	0.5797	1.0050
O95136	S1PR2	6	44	68	99525	0.0007	0.5877	2.9412	2.6471	0.9804
P07900	HSP90AA1	3	26	68	99525	0.0007	0.5974	0.0000	0.5882	0.9980
P08069	IGF1R	9	38	68	99525	0.0007	0.4919	0.0000	0.8824	1.0005
P24723	PRKCH	6	45	68	99525	0.0007	0.4579	0.0000	0.0000	1.0108
P50750	CDK9	5	24	68	99525	0.0007	0.6399	2.9412	1.4706	0.9856
Q04609	FOLH1	5	42	68	99525	0.0007	0.3825	0.0000	0.0000	1.0139
Q13258	PTGDR	2	3	68	99525	0.0007	0.4472	5.8824	1.7647	0.9909
Q14289	PTK2B	4	19	68	99525	0.0007	0.4085	1.4706	0.5882	1.0071
Q16288	NTRK3	4	27	68	99525	0.0007	0.4306	1.4706	1.1765	1.0004
Q96EB6	SIRT1	1	9	68	99525	0.0007	0.6546	0.0000	1.4706	0.9898
P07099	EPHX1	2	15	67	99525	0.0007	0.3282	0.0000	1.1940	1.0051
P51532	SMARCA4	4	35	67	99525	0.0007	0.5807	0.0000	0.0000	1.0088
Q02750	MAP2K1	5	21	67	99525	0.0007	0.5026	2.9851	1.4925	0.9977
Q13133	NR1H3	1	4	67	99525	0.0007	0.6646	0.0000	0.2985	1.0011
Q16739	UGCG	2	17	67	99525	0.0007	0.4796	0.0000	0.5970	1.0028
Q8TDS4	HCAR2	6	31	67	99525	0.0007	0.5559	0.0000	1.7910	0.9972
P00352	ALDH1A1	4	37	66	99525	0.0007	0.4360	0.0000	0.0000	1.0106
Q04771	ACVR1	5	23	66	99525	0.0007	0.5942	0.0000	0.9091	1.0009
Q9GZT9	EGLN1	1	10	66	99525	0.0007	0.4364	0.0000	0.3030	1.0117
P00491	PNP	2	18	65	99525	0.0007	0.4213	0.0000	0.6154	1.0074
P14625	HSP90B1	5	49	65	99525	0.0007	0.6210	1.5385	4.6154	0.9669
P30291	WEE1	5	32	65	99525	0.0007	0.5304	4.6154	1.8462	0.9836
P47898	HTR5A	5	27	65	99525	0.0007	0.5145	3.0769	1.8462	0.9882
Q03181	PPARD	7	40	65	99525	0.0007	0.5666	1.5385	1.8462	0.9862
O14976	GAK	7	39	64	99525	0.0006	0.5249	0.0000	0.6250	1.0061
P37173	TGFBR2	6	38	64	99525	0.0006	0.4917	0.0000	0.6250	1.0084
P41594	GRM5	10	56	64	99525	0.0006	0.4883	1.5625	1.2500	1.0018
Q8TDV5	GPR119	3	9	64	99525	0.0006	0.5461	0.0000	0.3125	1.0066
O95665	NTSR2	5	30	63	99525	0.0006	0.5331	0.0000	1.9048	0.9886
P15121	AKR1B1	3	28	63	99525	0.0006	0.3890	0.0000	0.0000	1.0156
P54760	EPHB4	5	26	63	99525	0.0006	0.4778	0.0000	0.3175	1.0095
P15090	FABP4	1	8	62	99525	0.0006	0.5862	0.0000	0.9677	0.9993
P30989	NTSR1	6	43	62	99525	0.0006	0.5137	0.0000	0.0000	1.0090
P37059	HSD17B2	3	29	62	99525	0.0006	0.6043	1.6129	1.9355	0.9921
P47871	GCGR	3	20	62	99525	0.0006	0.5343	0.0000	0.3226	1.0090
Q00535	CDK5	3	16	62	99525	0.0006	0.5123	0.0000	0.3226	1.0059
Q15761	NPY5R	3	17	62	99525	0.0006	0.5046	0.0000	0.3226	1.0061
Q9BUB5	MKNK1	9	60	62	99525	0.0006	0.4152	0.0000	0.9677	1.0064
Q9UKE5	TNIK	10	67	62	99525	0.0006	0.3925	0.0000	0.3226	1.0115
Q9Y271	CYSLTR1	8	49	62	99525	0.0006	0.4684	0.0000	0.3226	1.0085
O60502	OGA	2	14	60	99525	0.0006	0.4476	0.0000	0.3333	1.0122
P28702	RXRB	4	23	60	99525	0.0006	0.6102	3.3333	3.3333	0.9649
P30872	SSTR1	2	11	60	99525	0.0006	0.5020	1.6667	0.3333	1.0079
Q13882	PTK6	4	24	60	99525	0.0006	0.6102	0.0000	2.6667	0.9809
Q14680	MELK	5	48	60	99525	0.0006	0.4569	1.6667	1.3333	0.9969
Q14833	GRM4	4	28	60	99525	0.0006	0.5741	0.0000	1.6667	0.9962
Q15119	PDK2	3	30	60	99525	0.0006	0.2308	0.0000	0.0000	1.0164
Q9H1C0	LPAR5	3	12	60	99525	0.0006	0.3767	0.0000	0.3333	1.0131
Q9UIQ6	LNPEP	2	12	60	99525	0.0006	0.4474	0.0000	0.3333	1.0031
Q9UKP6	UTS2R	6	39	60	99525	0.0006	0.6188	1.6667	1.0000	0.9981
O95819	MAP4K4	5	20	59	99525	0.0006	0.4447	0.0000	0.0000	1.0137
P15328	FOLR1	1	2	59	99525	0.0006	0.2988	0.0000	0.3390	1.0114
Q86X55	CARM1	5	41	59	99525	0.0006	0.3417	0.0000	0.6780	1.0075
P00749	PLAU	2	19	58	99525	0.0006	0.5331	0.0000	0.3448	1.0033
P12821	ACE	6	46	58	99525	0.0006	0.3299	0.0000	0.0000	1.0160
P23946	CMA1	2	14	58	99525	0.0006	0.4227	0.0000	0.0000	1.0137
P29317	EPHA2	8	48	58	99525	0.0006	0.4265	0.0000	0.0000	1.0145
Q7Z601	GPR142	5	30	58	99525	0.0006	0.3390	3.4483	1.3793	0.9968
Q9GZQ6	NPFFR1	4	30	58	99525	0.0006	0.5647	0.0000	1.3793	0.9937
P00750	PLAT	2	20	57	99525	0.0006	0.4604	0.0000	0.0000	1.0138
P08473	MME	4	36	57	99525	0.0006	0.2804	0.0000	0.0000	1.0126
P09917	ALOX5	2	20	57	99525	0.0006	0.4159	0.0000	0.0000	1.0166
P18031	PTPN1	3	20	57	99525	0.0006	0.6747	1.7544	2.8070	0.9792
Q15077	P2RY6	8	57	57	99525	0.0006	0.4320	3.5088	1.4035	0.9847
Q9HBW0	LPAR2	3	14	57	99525	0.0006	0.4831	0.0000	0.3509	1.0065
P14920	DAO	2	19	56	99525	0.0006	0.6104	3.5714	1.0714	0.9935
P25024	CXCR1	2	4	56	99525	0.0006	0.7789	3.5714	5.3571	0.9341
P34995	PTGER1	7	55	56	99525	0.0006	0.3685	0.0000	0.0000	1.0152
P39748	FEN1	1	10	56	99525	0.0006	0.6551	3.5714	3.5714	0.9538
P48147	PREP	2	18	56	99525	0.0006	0.4615	0.0000	0.0000	1.0155
Q01469	FABP5	1	7	56	99525	0.0006	0.4447	0.0000	0.7143	1.0096
Q14164	IKBKE	5	39	56	99525	0.0006	0.4714	0.0000	0.0000	1.0146
Q15562	TEAD2	2	12	56	99525	0.0006	0.5593	5.3571	2.8571	0.9752
Q9HBH9	MKNK2	4	23	56	99525	0.0006	0.5163	0.0000	0.7143	1.0012
Q9NTG7	SIRT3	4	22	56	99525	0.0006	0.6597	0.0000	1.7857	0.9855
Q9Y5X5	NPFFR2	6	43	56	99525	0.0006	0.5406	1.7857	0.7143	1.0041
O75907	DGAT1	6	49	55	99525	0.0006	0.5541	1.8182	1.0909	0.9875
O94953	KDM4B	5	46	55	99525	0.0006	0.4174	0.0000	0.0000	1.0166
P23743	DGKA	5	43	55	99525	0.0006	0.4048	0.0000	0.0000	1.0143
P42785	PRCP	3	27	55	99525	0.0006	0.2764	0.0000	0.0000	1.0156
P43088	PTGFR	4	19	55	99525	0.0006	0.6048	3.6364	1.4545	0.9910
P49761	CLK3	3	19	55	99525	0.0006	0.5165	5.4545	2.1818	0.9858
P53667	LIMK1	5	33	55	99525	0.0006	0.2909	0.0000	0.0000	1.0183
Q15391	P2RY14	3	18	55	99525	0.0006	0.6731	0.0000	1.0909	0.9904
Q96RR4	CAMKK2	4	19	55	99525	0.0006	0.4810	1.8182	2.1818	0.9877
Q99835	SMO	2	17	55	99525	0.0006	0.4290	0.0000	0.0000	1.0173
Q9H2G2	SLK	4	23	55	99525	0.0006	0.4044	0.0000	0.7273	1.0052
Q9UEE5	STK17A	5	24	55	99525	0.0006	0.5380	0.0000	0.7273	1.0020
O00444	PLK4	3	16	54	99525	0.0005	0.6058	0.0000	1.1111	0.9871
O94768	STK17B	5	30	54	99525	0.0005	0.5218	0.0000	1.1111	1.0050
P21397	MAOA	3	21	54	99525	0.0005	0.4717	3.7037	1.1111	0.9972
P22314	UBA1	3	29	54	99525	0.0005	0.3816	0.0000	0.3704	1.0108
P48443	RXRG	3	12	54	99525	0.0005	0.6831	0.0000	0.7407	0.9866
Q13393	PLD1	8	74	54	99525	0.0005	0.7843	18.5185	5.9259	0.9047
Q5TC84	OGFRL1	1	10	54	99525	0.0005	0.5514	1.8519	1.1111	0.9953
Q8IXJ6	SIRT2	2	13	54	99525	0.0005	0.2264	0.0000	0.7407	1.0095
Q96LA8	PRMT6	2	12	54	99525	0.0005	0.6938	0.0000	0.0000	1.0009
O43318	MAP3K7	6	29	53	99525	0.0005	0.5551	5.6604	2.2642	0.9791
P00748	F12	3	20	53	99525	0.0005	0.4210	0.0000	1.1321	0.9980
P14555	PLA2G2A	1	10	53	99525	0.0005	0.5342	0.0000	1.8868	0.9943
P17655	CAPN2	4	37	53	99525	0.0005	0.5544	0.0000	0.0000	1.0166
P29475	NOS1	2	19	53	99525	0.0005	0.3142	0.0000	0.3774	1.0120
P41180	CASR	6	43	53	99525	0.0005	0.7947	0.0000	2.6415	0.9588
P43403	ZAP70	3	27	53	99525	0.0005	0.5464	1.8868	0.7547	0.9859
P47900	P2RY1	4	22	53	99525	0.0005	0.6083	0.0000	0.3774	1.0054
P51582	P2RY4	4	13	53	99525	0.0005	0.5792	0.0000	3.0189	0.9746
P53671	LIMK2	4	25	53	99525	0.0005	0.2755	0.0000	0.3774	1.0156
Q13131	PRKAA1	3	15	53	99525	0.0005	0.5862	0.0000	1.1321	0.9956
Q13188	STK3	3	17	53	99525	0.0005	0.4345	1.8868	0.7547	1.0063
Q9BXF3	CECR2	2	19	53	99525	0.0005	0.5553	0.0000	1.1321	1.0009
Q9HBA0	TRPV4	4	32	53	99525	0.0005	0.6879	5.6604	4.5283	0.9516
O43194	GPR39	4	18	52	99525	0.0005	0.5349	0.0000	0.3846	1.0058
P05089	ARG1	1	3	52	99525	0.0005	0.5138	0.0000	0.0000	1.0106
P21980	TGM2	3	29	52	99525	0.0005	0.3926	0.0000	0.3846	1.0105
P22102	GART	5	36	52	99525	0.0005	0.4570	1.9231	0.7692	1.0053
P28907	CD38	2	10	52	99525	0.0005	0.4002	0.0000	0.0000	1.0156
P30939	HTR1F	7	33	52	99525	0.0005	0.5933	0.0000	0.7692	1.0050
P51679	CCR4	2	14	52	99525	0.0005	0.3850	1.9231	1.1538	0.9959
Q05469	LIPE	2	18	52	99525	0.0005	0.3549	0.0000	0.0000	1.0173
Q13370	PDE3B	1	10	52	99525	0.0005	0.5771	1.9231	2.3077	0.9768
Q13822	ENPP2	5	34	52	99525	0.0005	0.5565	0.0000	0.3846	1.0049
Q92793	CREBBP	1	9	52	99525	0.0005	0.4938	0.0000	0.0000	1.0158
Q9H8M2	BRD9	1	10	52	99525	0.0005	0.4724	0.0000	0.7692	1.0098
O00748	CES2	3	22	51	99525	0.0005	0.6630	3.9216	1.9608	0.9729
O14939	PLD2	3	27	51	99525	0.0005	0.6536	0.0000	0.7843	0.9964
O94804	STK10	5	32	51	99525	0.0005	0.4041	1.9608	1.1765	0.9979
P17752	TPH1	1	9	51	99525	0.0005	0.4050	0.0000	0.7843	1.0094
P35610	SOAT1	3	24	51	99525	0.0005	0.6010	0.0000	1.5686	0.9957
P47869	GABRA2	2	20	51	99525	0.0005	0.5180	0.0000	0.3922	1.0131
P51812	RPS6KA3	8	42	51	99525	0.0005	0.4546	0.0000	0.3922	1.0148
P80192	MAP3K9	5	33	51	99525	0.0005	0.4929	0.0000	1.1765	1.0020
Q06124	PTPN11	3	26	51	99525	0.0005	0.5941	0.0000	3.1373	0.9774
Q15139	PRKD1	6	40	51	99525	0.0005	0.2424	0.0000	0.3922	1.0140
Q16584	MAP3K11	4	20	51	99525	0.0005	0.4677	0.0000	1.1765	1.0041
Q92753	RORB	5	22	51	99525	0.0005	0.5141	0.0000	0.3922	0.9987
Q9Y2T5	GPR52	6	33	51	99525	0.0005	0.5552	0.0000	1.1765	0.9989
P06737	PYGL	6	48	50	99525	0.0005	0.6184	0.0000	1.2000	0.9973
P19784	CSNK2A2	5	25	50	99525	0.0005	0.4285	0.0000	0.8000	1.0071
P24863	CCNC	1	8	50	99525	0.0005	0.4752	0.0000	2.0000	0.9858
P40763	STAT3	1	9	50	99525	0.0005	0.5368	2.0000	0.8000	1.0010
Q15118	PDK1	2	19	50	99525	0.0005	0.3724	0.0000	0.0000	1.0183
Q99873	PRMT1	4	29	50	99525	0.0005	0.5455	0.0000	0.4000	1.0075
O14649	KCNK3	2	19	49	99525	0.0005	0.4799	2.0408	0.4082	1.0051
O96017	CHEK2	7	48	49	99525	0.0005	0.4553	0.0000	0.8163	1.0062
P05067	APP	3	28	49	99525	0.0005	0.3174	4.0816	0.8163	0.9985
P12268	IMPDH2	4	39	49	99525	0.0005	0.5612	4.0816	0.8163	0.9981
P37023	ACVRL1	6	45	49	99525	0.0005	0.6706	0.0000	1.2245	0.9735
P48145	NPBWR1	5	30	49	99525	0.0005	0.5041	0.0000	0.4082	1.0148
Q58F21	BRDT	4	32	49	99525	0.0005	0.4230	0.0000	0.0000	1.0189
Q6B0I6	KDM4D	4	32	49	99525	0.0005	0.4832	0.0000	0.8163	1.0044
Q99523	SORT1	2	20	49	99525	0.0005	0.5486	0.0000	0.4082	1.0031
O75762	TRPA1	4	38	48	99525	0.0005	0.7417	0.0000	0.4167	0.9984
P09382	LGALS1	1	3	48	99525	0.0005	0.7656	0.0000	0.4167	0.9966
P35270	SPR	1	9	48	99525	0.0005	0.6140	6.2500	3.7500	0.9574
P48544	KCNJ5	1	8	48	99525	0.0005	0.5035	0.0000	0.8333	1.0058
Q16769	QPCT	2	16	48	99525	0.0005	0.4302	0.0000	0.0000	1.0193
Q8IVH8	MAP4K3	7	37	48	99525	0.0005	0.4954	2.0833	1.2500	0.9893
Q9H9B1	EHMT1	2	13	48	99525	0.0005	0.4823	0.0000	0.8333	1.0106
Q9HC97	GPR35	8	48	48	99525	0.0005	0.5637	2.0833	1.6667	0.9916
Q9NRA0	SPHK2	2	18	48	99525	0.0005	0.5221	0.0000	0.8333	1.0030
Q9Y243	AKT3	3	18	48	99525	0.0005	0.4071	0.0000	0.0000	1.0206
O00482	NR5A2	3	11	47	99525	0.0005	0.4974	0.0000	1.2766	0.9975
O15111	CHUK	6	57	47	99525	0.0005	0.4797	0.0000	0.8511	1.0014
O96013	PAK4	4	26	47	99525	0.0005	0.3222	0.0000	0.0000	1.0210
P25098	GRK2	3	19	47	99525	0.0005	0.6203	0.0000	1.2766	0.9990
Q08493	PDE4C	6	48	47	99525	0.0005	0.4186	0.0000	0.4255	1.0125
Q14832	GRM3	5	37	47	99525	0.0005	0.5051	0.0000	0.0000	1.0152
Q15125	EBP	2	18	47	99525	0.0005	0.4822	2.1277	0.4255	1.0071
O94788	ALDH1A2	3	24	46	99525	0.0005	0.5515	0.0000	0.0000	1.0091
O96028	NSD2	6	57	46	99525	0.0005	0.5002	0.0000	0.4348	0.9935
P00338	LDHA	2	17	46	99525	0.0005	0.3917	0.0000	0.0000	1.0221
P25929	NPY1R	2	10	46	99525	0.0005	0.6001	0.0000	0.8696	0.9978
P35228	NOS2	3	29	46	99525	0.0005	0.3932	0.0000	0.8696	1.0020
P48729	CSNK1A1	4	23	46	99525	0.0005	0.7100	4.3478	1.7391	0.9755
P51677	CCR3	3	22	46	99525	0.0005	0.3363	0.0000	0.0000	1.0220
Q13093	PLA2G7	2	18	46	99525	0.0005	0.5488	0.0000	0.0000	1.0149
Q13164	MAPK7	6	44	46	99525	0.0005	0.6941	0.0000	1.7391	0.9724
Q15349	RPS6KA2	9	49	46	99525	0.0005	0.3205	0.0000	0.0000	1.0202
Q9NYA1	SPHK1	1	10	46	99525	0.0005	0.4509	0.0000	0.4348	1.0124
Q9UBY5	LPAR3	5	23	46	99525	0.0005	0.4692	0.0000	0.8696	1.0086
Q9UNA0	ADAMTS5	3	25	46	99525	0.0005	0.3945	0.0000	0.4348	1.0167
P11474	ESRRA	4	24	45	99525	0.0005	0.5420	0.0000	2.2222	0.9864
P32246	CCR1	5	27	45	99525	0.0005	0.5806	0.0000	0.0000	1.0197
P41597	CCR2	4	18	45	99525	0.0005	0.6652	0.0000	0.0000	0.9987
P48058	GRIA4	8	66	45	99525	0.0005	0.2879	0.0000	0.0000	1.0211
Q59H18	TNNI3K	7	45	45	99525	0.0005	0.4313	0.0000	0.8889	1.0098
Q96RJ0	TAAR1	5	33	45	99525	0.0005	0.4859	0.0000	0.4444	1.0049
Q9BV23	ABHD6	6	59	45	99525	0.0005	0.5883	0.0000	1.7778	0.9903
Q9H244	P2RY12	7	39	45	99525	0.0005	0.5570	0.0000	1.7778	0.9856
Q9UBL9	P2RX2	1	9	45	99525	0.0005	0.6333	2.2222	2.6667	0.9732
Q9Y4D2	DAGLA	3	29	45	99525	0.0005	0.3168	0.0000	0.0000	1.0173
O75385	ULK1	5	25	44	99525	0.0004	0.2689	0.0000	0.0000	1.0193
P05129	PRKCG	7	40	44	99525	0.0004	0.4723	0.0000	0.9091	1.0049
P09769	FGR	5	31	44	99525	0.0004	0.5393	0.0000	1.8182	0.9826
P11217	PYGM	3	16	44	99525	0.0004	0.5734	0.0000	1.8182	0.9930
P17612	PRKACA	6	35	44	99525	0.0004	0.5806	2.2727	0.9091	0.9985
P23945	FSHR	5	46	44	99525	0.0004	0.6223	0.0000	1.3636	0.9880
P25116	F2R	4	16	44	99525	0.0004	0.5199	0.0000	0.0000	1.0167
P34998	CRHR1	3	19	44	99525	0.0004	0.8426	2.2727	10.4545	0.8474
P36544	CHRNA7	2	18	44	99525	0.0004	0.4214	0.0000	0.4545	1.0155
P42262	GRIA2	3	26	44	99525	0.0004	0.5236	0.0000	1.3636	1.0026
P54646	PRKAA2	6	37	44	99525	0.0004	0.5950	0.0000	0.4545	0.9905
P55201	BRPF1	2	20	44	99525	0.0004	0.6026	2.2727	2.2727	0.9651
Q13163	MAP2K5	5	31	44	99525	0.0004	0.6170	4.5455	2.2727	0.9702
Q8TCW9	PROKR1	3	18	44	99525	0.0004	0.5867	0.0000	2.7273	0.9699
Q9BPZ7	MAPKAP1	1	10	44	99525	0.0004	0.2817	0.0000	0.0000	1.0192
Q9NYY3	PLK2	5	29	44	99525	0.0004	0.3933	2.2727	0.9091	1.0051
P04062	GBA1	1	9	43	99525	0.0004	0.4774	0.0000	0.0000	1.0027
P05981	HPN	3	25	43	99525	0.0004	0.4767	0.0000	0.9302	0.9974
P42568	MLLT3	2	16	43	99525	0.0004	0.5127	0.0000	0.9302	0.9978
P43681	CHRNA4	2	16	43	99525	0.0004	0.2633	0.0000	0.9302	1.0077
P49137	MAPKAPK2	5	35	43	99525	0.0004	0.3991	0.0000	0.9302	1.0076
P51684	CCR6	6	34	43	99525	0.0004	0.7830	2.3256	3.2558	0.9360
P55263	ADK	3	23	43	99525	0.0004	0.5951	0.0000	0.4651	1.0010
Q12852	MAP3K12	4	24	43	99525	0.0004	0.5221	0.0000	0.4651	1.0117
Q7Z2W7	TRPM8	5	47	43	99525	0.0004	0.5908	0.0000	1.3953	0.9926
Q8NB16	MLKL	13	99	43	99525	0.0004	0.4515	0.0000	0.9302	1.0015
Q92831	KAT2B	2	20	43	99525	0.0004	0.5954	2.3256	0.9302	0.9991
Q96SB4	SRPK1	3	22	43	99525	0.0004	0.4957	0.0000	1.3953	0.9991
Q99527	GPER1	4	27	43	99525	0.0004	0.4798	0.0000	0.9302	1.0060
Q9UQB9	AURKC	4	22	43	99525	0.0004	0.4867	0.0000	0.4651	1.0138
O00398	P2RY10	11	62	42	99525	0.0004	0.5546	0.0000	0.4762	1.0099
O60285	NUAK1	3	24	42	99525	0.0004	0.4046	0.0000	0.0000	1.0176
P17706	PTPN2	2	15	42	99525	0.0004	0.6980	4.7619	2.8571	0.9586
P19838	NFKB1	1	10	42	99525	0.0004	0.5764	0.0000	0.0000	1.0123
P28336	NMBR	4	20	42	99525	0.0004	0.7386	0.0000	1.9048	0.9682
P48449	LSS	2	18	42	99525	0.0004	0.4825	0.0000	0.0000	1.0181
Q13304	GPR17	2	5	42	99525	0.0004	0.4538	2.3810	0.4762	1.0122
Q15759	MAPK11	6	38	42	99525	0.0004	0.4384	0.0000	0.4762	1.0050
Q96RU2	USP28	5	39	42	99525	0.0004	0.6557	0.0000	1.9048	0.9776
Q9BYT3	STK33	5	29	42	99525	0.0004	0.2928	0.0000	0.4762	1.0165
Q9BZL6	PRKD2	6	31	42	99525	0.0004	0.3385	0.0000	0.0000	1.0225
Q9NPC1	LTB4R2	3	13	42	99525	0.0004	0.5640	0.0000	0.9524	1.0032
Q9NYL2	MAP3K20	4	24	42	99525	0.0004	0.4360	2.3810	0.9524	1.0003
O00141	SGK1	5	26	41	99525	0.0004	0.5882	0.0000	0.0000	1.0095
O43293	DAPK3	7	31	41	99525	0.0004	0.5481	0.0000	0.9756	0.9924
O60678	PRMT3	6	50	41	99525	0.0004	0.3825	0.0000	0.0000	1.0249
O60755	GALR3	1	5	41	99525	0.0004	0.2648	0.0000	0.9756	1.0071
P08183	ABCB1	5	46	41	99525	0.0004	0.5799	0.0000	0.4878	1.0085
P21730	C5AR1	1	7	41	99525	0.0004	0.4619	0.0000	0.0000	1.0218
P27448	MARK3	3	24	41	99525	0.0004	0.2931	0.0000	0.0000	1.0212
P41240	CSK	2	18	41	99525	0.0004	0.5203	0.0000	1.4634	0.9949
P42330	AKR1C3	2	17	41	99525	0.0004	0.5482	12.1951	3.4146	0.9425
P49146	NPY2R	5	32	41	99525	0.0004	0.7451	21.9512	8.2927	0.8574
P62508	ESRRG	3	11	41	99525	0.0004	0.5850	0.0000	0.9756	1.0023
Q14831	GRM7	3	22	41	99525	0.0004	0.6708	0.0000	0.0000	1.0160
Q15722	LTB4R	5	31	41	99525	0.0004	0.5874	2.4390	1.4634	0.9957
Q969F8	KISS1R	4	33	41	99525	0.0004	0.5819	2.4390	0.9756	0.9928
Q9NS75	CYSLTR2	5	28	41	99525	0.0004	0.6243	2.4390	1.9512	0.9847
Q9NXS2	QPCTL	1	8	41	99525	0.0004	0.4631	0.0000	0.9756	1.0071
Q9Y2T6	GPR55	7	27	41	99525	0.0004	0.5344	4.8780	2.4390	0.9715
Q9Y466	NR2E1	2	10	41	99525	0.0004	0.5797	9.7561	4.3902	0.9416
O00459	PIK3R2	3	21	40	99525	0.0004	0.5656	0.0000	1.0000	0.9892
O15164	TRIM24	2	15	40	99525	0.0004	0.5787	2.5000	2.5000	0.9498
O15552	FFAR2	5	25	40	99525	0.0004	0.6248	0.0000	0.5000	1.0093
O43193	MLNR	6	37	40	99525	0.0004	0.4498	0.0000	0.0000	1.0162
O75469	NR1I2	4	17	40	99525	0.0004	0.7636	7.5000	4.0000	0.9087
O75530	EED	1	10	40	99525	0.0004	0.5653	0.0000	4.0000	0.9513
O75582	RPS6KA5	7	43	40	99525	0.0004	0.5039	0.0000	0.5000	1.0122
P23219	PTGS1	2	16	40	99525	0.0004	0.5231	0.0000	0.0000	1.0214
P25105	PTAFR	5	30	40	99525	0.0004	0.4213	0.0000	0.5000	1.0138
P32249	GPR183	4	28	40	99525	0.0004	0.4953	5.0000	1.0000	0.9967
P37268	FDFT1	3	22	40	99525	0.0004	0.5767	5.0000	3.0000	0.9594
P45985	MAP2K4	8	52	40	99525	0.0004	0.5639	2.5000	1.5000	0.9938
P50579	METAP2	2	19	40	99525	0.0004	0.2788	0.0000	0.5000	1.0124
Q12851	MAP4K2	11	77	40	99525	0.0004	0.3926	2.5000	0.5000	1.0125
Q16581	C3AR1	5	41	40	99525	0.0004	0.6144	0.0000	0.0000	1.0219
Q6PL18	ATAD2	8	67	40	99525	0.0004	0.5000	0.0000	0.0000	1.0184
Q8IU85	CAMK1D	3	24	40	99525	0.0004	0.4115	0.0000	0.5000	1.0141
Q8NEB9	PIK3C3	5	39	40	99525	0.0004	0.4310	0.0000	0.5000	1.0139
Q969V1	MCHR2	5	27	40	99525	0.0004	0.6135	0.0000	0.5000	1.0001
Q96IY4	CPB2	3	24	40	99525	0.0004	0.6587	0.0000	1.0000	0.9814
Q99788	CMKLR1	4	35	40	99525	0.0004	0.4742	0.0000	0.0000	1.0169
Q9BXA5	SUCNR1	5	29	40	99525	0.0004	0.3852	0.0000	0.0000	1.0221
Q9GZN0	GPR88	7	51	40	99525	0.0004	0.5030	0.0000	1.0000	1.0015
O00421	CCRL2	5	37	39	99525	0.0004	0.6127	5.1282	3.5897	0.9509
O15530	PDPK1	4	22	39	99525	0.0004	0.4324	0.0000	0.0000	1.0234
P04818	TYMS	2	19	39	99525	0.0004	0.4827	0.0000	0.0000	1.0117
P16066	NPR1	7	49	39	99525	0.0004	0.3498	0.0000	0.0000	1.0146
P25106	ACKR3	3	29	39	99525	0.0004	0.4757	0.0000	0.5128	1.0086
P27361	MAPK3	4	20	39	99525	0.0004	0.4174	0.0000	0.0000	1.0251
P40238	MPL	1	9	39	99525	0.0004	0.1551	0.0000	0.0000	1.0264
P42892	ECE1	3	25	39	99525	0.0004	0.5244	0.0000	0.0000	1.0173
P46093	GPR4	4	23	39	99525	0.0004	0.3647	0.0000	0.0000	1.0254
P49238	CX3CR1	3	29	39	99525	0.0004	0.6192	5.1282	3.5897	0.9408
P49683	PRLHR	3	9	39	99525	0.0004	0.6608	0.0000	3.0769	0.9680
P51685	CCR8	4	23	39	99525	0.0004	0.1666	0.0000	0.0000	1.0264
P51686	CCR9	2	5	39	99525	0.0004	0.2349	0.0000	0.5128	1.0186
P55085	F2RL1	3	18	39	99525	0.0004	0.7916	5.1282	7.6923	0.8889
P60953	CDC42	1	10	39	99525	0.0004	0.4345	0.0000	0.0000	1.0199
Q04206	RELA	1	10	39	99525	0.0004	0.6167	2.5641	0.5128	0.9977
Q13153	PAK1	4	27	39	99525	0.0004	0.3991	0.0000	0.0000	1.0154
Q13224	GRIN2B	7	63	39	99525	0.0004	0.4083	0.0000	0.0000	1.0207
Q6W5P4	NPSR1	6	36	39	99525	0.0004	0.3946	0.0000	0.5128	1.0137
Q8IU80	TMPRSS6	5	32	39	99525	0.0004	0.3855	2.5641	2.5641	0.9792
Q8TDS5	OXER1	5	27	39	99525	0.0004	0.3444	0.0000	0.0000	1.0229
Q8WTV0	SCARB1	5	45	39	99525	0.0004	0.5260	2.5641	2.0513	0.9769
Q96JM7	L3MBTL3	2	20	39	99525	0.0004	0.5262	0.0000	0.5128	1.0147
Q96P65	QRFPR	4	16	39	99525	0.0004	0.4987	0.0000	1.0256	1.0065
Q9H5I1	SUV39H2	3	25	39	99525	0.0004	0.4148	2.5641	1.0256	1.0024
Q9HCR9	PDE11A	3	18	39	99525	0.0004	0.3463	0.0000	0.0000	1.0243
Q9NQS5	GPR84	2	16	39	99525	0.0004	0.5894	0.0000	0.0000	1.0152
Q9NRG4	SMYD2	1	8	39	99525	0.0004	0.3947	0.0000	0.0000	1.0258
Q9NYV8	TAS2R14	6	30	39	99525	0.0004	0.3568	0.0000	0.0000	1.0235
Q9NYW2	TAS2R8	4	24	39	99525	0.0004	0.3899	0.0000	0.0000	1.0201
Q9UJ42	GPR160	5	40	39	99525	0.0004	0.4875	0.0000	0.5128	1.0103
O14733	MAP2K7	5	26	38	99525	0.0004	0.4959	2.6316	1.5789	0.9971
O60603	TLR2	1	9	38	99525	0.0004	0.8119	2.6316	11.0526	0.8254
O75173	ADAMTS4	5	40	38	99525	0.0004	0.4854	0.0000	1.5789	1.0035
P09238	MMP10	2	13	38	99525	0.0004	0.6683	2.6316	1.5789	0.9740
P11166	SLC2A1	4	37	38	99525	0.0004	0.2928	0.0000	0.0000	1.0224
P17931	LGALS3	1	3	38	99525	0.0004	0.2120	0.0000	0.0000	1.0224
P42685	FRK	6	47	38	99525	0.0004	0.3943	0.0000	0.5263	1.0140
P47895	ALDH1A3	2	19	38	99525	0.0004	0.7446	0.0000	5.2632	0.9205
P49356	FNTB	1	10	38	99525	0.0004	0.4013	0.0000	2.1053	0.9880
P51955	NEK2	3	20	38	99525	0.0004	0.2290	2.6316	0.5263	1.0048
P55212	CASP6	1	5	38	99525	0.0004	0.4352	0.0000	0.5263	1.0129
Q3SYC2	MOGAT2	2	17	38	99525	0.0004	0.5294	0.0000	0.5263	1.0149
Q96LB2	MRGPRX1	2	2	38	99525	0.0004	0.4436	0.0000	0.0000	1.0237
Q9BWU1	CDK19	6	33	38	99525	0.0004	0.4597	0.0000	0.5263	1.0188
Q9H2X6	HIPK2	3	19	38	99525	0.0004	0.3925	0.0000	0.5263	1.0096
Q9H4B4	PLK3	5	37	38	99525	0.0004	0.4116	2.6316	1.0526	0.9923
Q9NPC2	KCNK9	2	19	38	99525	0.0004	0.5505	0.0000	1.0526	0.9999
Q9Y5S8	NOX1	5	38	38	99525	0.0004	0.5463	2.6316	2.1053	0.9727
O15229	KMO	2	17	37	99525	0.0004	0.5367	2.7027	2.7027	0.9717
P13612	ITGA4	1	10	37	99525	0.0004	0.1635	0.0000	0.0000	1.0232
P14207	FOLR2	2	12	37	99525	0.0004	0.4563	0.0000	0.5405	1.0164
P35869	AHR	1	10	37	99525	0.0004	0.5511	0.0000	1.6216	0.9946
P43490	NAMPT	4	38	37	99525	0.0004	0.6173	5.4054	2.1622	0.9708
P48735	IDH2	2	19	37	99525	0.0004	0.5016	0.0000	0.5405	1.0112
P78540	ARG2	1	10	37	99525	0.0004	0.4125	8.1081	2.7027	0.9638
Q04912	MST1R	10	72	37	99525	0.0004	0.3946	2.7027	2.1622	0.9772
Q13976	PRKG1	9	84	37	99525	0.0004	0.4688	0.0000	0.0000	1.0238
Q9NR20	DYRK4	5	27	37	99525	0.0004	0.4764	0.0000	0.0000	1.0226
O60427	FADS1	2	19	36	99525	0.0004	0.5622	0.0000	0.0000	1.0143
O60760	HPGDS	1	9	36	99525	0.0004	0.5740	0.0000	1.6667	0.9961
O75899	GABBR2	5	21	36	99525	0.0004	0.2190	0.0000	0.0000	1.0280
P00488	F13A1	6	56	36	99525	0.0004	0.2179	0.0000	0.0000	1.0243
P06730	EIF4E	1	8	36	99525	0.0004	0.6924	0.0000	0.0000	1.0127
P08238	HSP90AB1	2	18	36	99525	0.0004	0.3465	0.0000	0.0000	1.0276
P21860	ERBB3	5	32	36	99525	0.0004	0.5022	0.0000	0.0000	1.0154
P35557	GCK	2	20	36	99525	0.0004	0.6255	0.0000	0.5556	1.0103
P43354	NR4A2	2	9	36	99525	0.0004	0.3181	0.0000	0.0000	1.0240
Q00796	SORD	2	17	36	99525	0.0004	0.7074	2.7778	3.3333	0.9333
Q13490	BIRC2	1	9	36	99525	0.0004	0.5932	0.0000	0.5556	0.9990
Q56UN5	MAP3K19	5	38	36	99525	0.0004	0.4492	2.7778	0.5556	0.9993
Q8TF76	HASPIN	3	21	36	99525	0.0004	0.4797	0.0000	1.1111	1.0025
Q9UBF8	PI4KB	3	24	36	99525	0.0004	0.5073	0.0000	1.1111	1.0027
O15075	DCLK1	2	7	35	99525	0.0004	0.5458	0.0000	0.0000	1.0168
O75874	IDH1	2	17	35	99525	0.0004	0.5533	0.0000	1.1429	0.9977
O95835	LATS1	3	16	35	99525	0.0004	0.5536	5.7143	1.7143	0.9713
P14091	CTSE	4	33	35	99525	0.0004	0.8065	28.5714	9.7143	0.8047
P20393	NR1D1	3	20	35	99525	0.0004	0.7223	2.8571	2.8571	0.9611
P51843	NR0B1	2	14	35	99525	0.0004	0.4370	0.0000	0.0000	1.0200
Q12931	TRAP1	5	43	35	99525	0.0004	0.7968	0.0000	0.0000	0.9673
Q13126	MTAP	2	20	35	99525	0.0004	0.4704	0.0000	0.5714	1.0053
Q8TBX8	PIP4K2C	1	8	35	99525	0.0004	0.4715	0.0000	0.5714	1.0167
Q99640	PKMYT1	7	40	35	99525	0.0004	0.3920	2.8571	0.5714	1.0126
Q9NPH5	NOX4	4	37	35	99525	0.0004	0.5108	0.0000	1.1429	0.9985
Q9NZ08	ERAP1	4	37	35	99525	0.0004	0.4305	0.0000	1.1429	1.0019
Q9Y337	KLK5	4	30	35	99525	0.0004	0.3530	0.0000	0.0000	1.0280
P04070	PROC	2	13	34	99525	0.0003	0.3471	0.0000	0.0000	1.0301
P05164	MPO	1	10	34	99525	0.0003	0.4493	0.0000	0.5882	1.0179
P28062	PSMB8	1	8	34	99525	0.0003	0.3957	0.0000	0.0000	1.0286
P34897	SHMT2	1	10	34	99525	0.0003	0.3331	0.0000	0.5882	1.0139
P35236	PTPN7	3	18	34	99525	0.0003	0.4192	0.0000	0.0000	1.0299
P39086	GRIK1	6	49	34	99525	0.0003	0.7217	0.0000	0.0000	1.0074
P40306	PSMB10	1	10	34	99525	0.0003	0.4216	0.0000	0.0000	1.0169
P47989	XDH	12	111	34	99525	0.0003	0.5789	0.0000	1.1765	1.0015
Q13451	FKBP5	1	10	34	99525	0.0003	0.6473	0.0000	0.0000	1.0150
Q13873	BMPR2	4	28	34	99525	0.0003	0.7413	0.0000	2.9412	0.9515
Q14397	GCKR	1	5	34	99525	0.0003	0.2843	0.0000	0.0000	1.0291
Q16875	PFKFB3	3	17	34	99525	0.0003	0.4496	0.0000	0.0000	1.0231
Q8NEV1	CSNK2A3	4	31	34	99525	0.0003	0.4935	0.0000	0.0000	1.0168
Q99683	MAP3K5	4	28	34	99525	0.0003	0.2894	0.0000	0.5882	1.0215
Q9UHL4	DPP7	1	6	34	99525	0.0003	0.5274	2.9412	2.3529	0.9771
O15264	MAPK13	7	42	33	99525	0.0003	0.2540	0.0000	0.0000	1.0313
P06756	ITGAV	5	44	33	99525	0.0003	0.6795	0.0000	4.2424	0.9299
P08709	F7	1	10	33	99525	0.0003	0.4033	0.0000	0.0000	1.0256
P09211	GSTP1	1	10	33	99525	0.0003	0.3568	0.0000	0.0000	1.0243
P16581	SELE	1	8	33	99525	0.0003	0.5224	0.0000	1.2121	0.9925
P16591	FER	9	51	33	99525	0.0003	0.6214	3.0303	1.2121	0.9872
P20231	TPSB2	3	20	33	99525	0.0003	0.3890	0.0000	0.0000	1.0313
P34947	GRK5	4	35	33	99525	0.0003	0.3307	3.0303	0.6061	1.0125
P36896	ACVR1B	3	22	33	99525	0.0003	0.4404	0.0000	0.0000	1.0302
P42226	STAT6	2	19	33	99525	0.0003	0.4010	0.0000	0.0000	1.0220
P42684	ABL2	5	36	33	99525	0.0003	0.4720	0.0000	0.6061	1.0003
P49862	KLK7	2	18	33	99525	0.0003	0.4122	0.0000	0.0000	1.0259
Q08828	ADCY1	5	45	33	99525	0.0003	0.5588	3.0303	1.8182	0.9805
Q12772	SREBF2	2	19	33	99525	0.0003	0.5922	0.0000	3.0303	0.9653
Q13002	GRIK2	5	45	33	99525	0.0003	0.3659	3.0303	2.4242	0.9782
Q13470	TNK1	3	15	33	99525	0.0003	0.4499	0.0000	0.0000	1.0265
Q14994	NR1I3	1	1	33	99525	0.0003	0.2973	0.0000	0.0000	1.0306
Q15109	AGER	1	3	33	99525	0.0003	0.4147	0.0000	0.0000	1.0281
Q96NT5	SLC46A1	5	38	33	99525	0.0003	0.3947	0.0000	1.8182	0.9885
Q9UJM8	HAO1	1	8	33	99525	0.0003	0.3827	0.0000	0.6061	1.0163
O60218	AKR1B10	1	9	32	99525	0.0003	0.7634	0.0000	2.5000	0.9588
O60235	TMPRSS11D	2	19	32	99525	0.0003	0.5648	0.0000	0.0000	1.0282
O75908	SOAT2	8	66	32	99525	0.0003	0.5788	0.0000	1.2500	1.0030
O95551	TDP2	1	10	32	99525	0.0003	0.5934	3.1250	5.0000	0.9233
P04066	FUCA1	3	25	32	99525	0.0003	0.3302	0.0000	0.6250	1.0223
P11597	CETP	1	8	32	99525	0.0003	0.4601	0.0000	0.0000	1.0308
P16499	PDE6A	2	17	32	99525	0.0003	0.5469	3.1250	0.6250	0.9892
P28566	HTR1E	3	21	32	99525	0.0003	0.6227	0.0000	0.6250	0.9956
P37058	HSD17B3	1	9	32	99525	0.0003	0.3121	0.0000	1.2500	1.0136
P40261	NNMT	2	9	32	99525	0.0003	0.3359	0.0000	0.0000	1.0318
P51452	DUSP3	1	5	32	99525	0.0003	0.2777	0.0000	0.0000	1.0230
P53778	MAPK12	5	34	32	99525	0.0003	0.4794	0.0000	0.0000	1.0270
P55157	MTTP	4	39	32	99525	0.0003	0.5877	0.0000	0.6250	1.0094
Q13946	PDE7A	2	14	32	99525	0.0003	0.6937	0.0000	0.0000	1.0017
Q53GL7	PARP10	3	26	32	99525	0.0003	0.3823	0.0000	0.0000	1.0226
Q9BVS4	RIOK2	3	21	32	99525	0.0003	0.4351	0.0000	0.0000	1.0293
Q9NYV4	CDK12	5	29	32	99525	0.0003	0.4691	6.2500	1.2500	0.9871
Q9NZJ5	EIF2AK3	10	63	32	99525	0.0003	0.4503	0.0000	1.2500	1.0028
Q9Y210	TRPC6	2	19	32	99525	0.0003	0.5268	0.0000	1.2500	1.0061
O00418	EEF2K	3	27	31	99525	0.0003	0.4645	0.0000	0.6452	0.9929
O14672	ADAM10	3	22	31	99525	0.0003	0.4179	0.0000	0.0000	1.0311
O75909	CCNK	1	10	31	99525	0.0003	0.5337	6.4516	1.2903	0.9911
O95718	ESRRB	1	5	31	99525	0.0003	0.3846	0.0000	0.0000	1.0291
P11169	SLC2A3	4	32	31	99525	0.0003	0.4675	0.0000	0.6452	1.0140
P15144	ANPEP	2	19	31	99525	0.0003	0.5795	0.0000	0.0000	1.0163
P16473	TSHR	7	53	31	99525	0.0003	0.8232	6.4516	3.8710	0.8791
P26572	MGAT1	2	19	31	99525	0.0003	0.7076	0.0000	2.5806	0.9558
P27695	APEX1	2	20	31	99525	0.0003	0.3890	0.0000	0.0000	1.0232
P36639	NUDT1	2	7	31	99525	0.0003	0.6940	0.0000	0.0000	0.9994
P50391	NPY4R	7	47	31	99525	0.0003	0.1656	0.0000	0.0000	1.0320
P52732	KIF11	2	18	31	99525	0.0003	0.5570	0.0000	0.0000	1.0259
P80365	HSD11B2	3	25	31	99525	0.0003	0.5430	0.0000	0.6452	1.0072
Q04756	HGFAC	2	14	31	99525	0.0003	0.2860	0.0000	0.0000	1.0274
Q05513	PRKCZ	5	27	31	99525	0.0003	0.2809	0.0000	0.0000	1.0332
Q15046	KARS1	1	9	31	99525	0.0003	0.3763	0.0000	0.6452	1.0203
Q7Z3E1	TIPARP	4	38	31	99525	0.0003	0.4370	3.2258	0.6452	1.0126
Q8IV61	RASGRP3	1	9	31	99525	0.0003	0.1412	0.0000	0.0000	1.0332
Q8IW41	MAPKAPK5	4	30	31	99525	0.0003	0.5055	3.2258	1.2903	0.9773
Q8ND76	CCNY	1	8	31	99525	0.0003	0.4968	0.0000	1.9355	0.9849
Q92551	IP6K1	3	23	31	99525	0.0003	0.6258	0.0000	1.9355	0.9786
Q93009	USP7	5	38	31	99525	0.0003	0.5402	0.0000	0.0000	1.0173
Q9HCG7	GBA2	3	25	31	99525	0.0003	0.3172	0.0000	0.0000	1.0296
Q9NSY1	BMP2K	5	17	31	99525	0.0003	0.5327	0.0000	1.2903	1.0087
Q9UM07	PADI4	1	9	31	99525	0.0003	0.5963	0.0000	1.9355	0.9830
Q9Y616	IRAK3	3	16	31	99525	0.0003	0.5148	0.0000	1.9355	0.9893
O15382	BCAT2	3	29	30	99525	0.0003	0.7753	0.0000	2.0000	0.9615
O76083	PDE9A	2	9	30	99525	0.0003	0.2949	0.0000	1.3333	1.0004
O95263	PDE8B	2	18	30	99525	0.0003	0.4971	0.0000	0.6667	1.0044
O95470	SGPL1	4	37	30	99525	0.0003	0.6026	0.0000	0.0000	1.0148
P00492	HPRT1	2	11	30	99525	0.0003	0.6764	0.0000	1.3333	0.9879
P00813	ADA	2	14	30	99525	0.0003	0.5941	3.3333	0.6667	1.0018
P08236	GUSB	2	13	30	99525	0.0003	0.5721	0.0000	0.0000	1.0232
P11086	PNMT	1	10	30	99525	0.0003	0.2441	0.0000	0.0000	1.0336
P14324	FDPS	3	29	30	99525	0.0003	0.3276	0.0000	0.0000	1.0278
P14618	PKM	3	26	30	99525	0.0003	0.6649	0.0000	1.3333	0.9921
P22413	ENPP1	6	51	30	99525	0.0003	0.2674	0.0000	0.0000	1.0253
P54687	BCAT1	3	28	30	99525	0.0003	0.5127	0.0000	0.0000	1.0257
Q13507	TRPC3	3	30	30	99525	0.0003	0.5147	0.0000	0.0000	1.0215
Q5TCY1	TTBK1	3	17	30	99525	0.0003	0.5870	0.0000	0.6667	0.9938
Q86U86	PBRM1	6	52	30	99525	0.0003	0.4286	0.0000	0.0000	1.0211
Q9BYF1	ACE2	5	38	30	99525	0.0003	0.4454	0.0000	0.0000	1.0252
Q9H237	PORCN	3	28	30	99525	0.0003	0.2904	0.0000	0.0000	1.0240
Q9H999	PANK3	2	18	30	99525	0.0003	0.4794	0.0000	2.0000	0.9865
Q9NP56	PDE7B	3	25	30	99525	0.0003	0.4157	0.0000	1.3333	1.0057
Q9NSD7	RXFP3	4	28	30	99525	0.0003	0.4238	3.3333	0.6667	1.0061
Q9UQM7	CAMK2A	7	42	30	99525	0.0003	0.3911	0.0000	0.0000	1.0282
O00763	ACACB	5	47	29	99525	0.0003	0.3269	0.0000	0.0000	1.0273
O14746	TERT	5	45	29	99525	0.0003	0.5200	0.0000	0.6897	1.0122
O75106	AOC2	2	19	29	99525	0.0003	0.5243	0.0000	0.6897	1.0202
O94925	GLS	1	8	29	99525	0.0003	0.3356	0.0000	0.0000	1.0356
O95251	KAT7	3	28	29	99525	0.0003	0.4001	0.0000	0.0000	1.0215
P08842	STS	1	10	29	99525	0.0003	0.6830	3.4483	2.0690	0.9556
P09488	GSTM1	2	10	29	99525	0.0003	0.3870	0.0000	0.0000	1.0333
P09871	C1S	3	22	29	99525	0.0003	0.4571	0.0000	0.0000	1.0222
P19525	EIF2AK2	5	33	29	99525	0.0003	0.6460	3.4483	2.0690	0.9442
P23526	AHCY	2	19	29	99525	0.0003	0.3659	0.0000	0.0000	1.0315
P34896	SHMT1	1	9	29	99525	0.0003	0.3420	3.4483	0.6897	1.0113
P43250	GRK6	4	25	29	99525	0.0003	0.3312	0.0000	1.3793	1.0101
P50053	KHK	3	22	29	99525	0.0003	0.3009	0.0000	0.0000	1.0356
P51531	SMARCA2	4	36	29	99525	0.0003	0.4866	0.0000	0.0000	1.0108
P62937	PPIA	1	4	29	99525	0.0003	0.7139	0.0000	2.7586	0.9292
Q03405	PLAUR	2	18	29	99525	0.0003	0.5281	0.0000	0.0000	1.0235
Q495T6	MMEL1	2	18	29	99525	0.0003	0.3201	0.0000	0.0000	1.0316
Q8IWU9	TPH2	2	20	29	99525	0.0003	0.6062	3.4483	2.0690	0.9487
Q8TDX7	NEK7	6	34	29	99525	0.0003	0.5427	3.4483	1.3793	0.9798
Q9BXC0	HCAR1	6	38	29	99525	0.0003	0.5051	0.0000	0.0000	1.0209
Q9UNQ0	ABCG2	3	30	29	99525	0.0003	0.4102	3.4483	1.3793	0.9970
Q9Y2R2	PTPN22	4	29	29	99525	0.0003	0.3404	0.0000	0.0000	1.0351
Q9Y572	RIPK3	7	38	29	99525	0.0003	0.3996	0.0000	0.6897	1.0219
O00187	MASP2	4	33	28	99525	0.0003	0.5177	0.0000	1.4286	1.0025
O14638	ENPP3	6	49	28	99525	0.0003	0.6190	0.0000	2.1429	0.9775
O43175	PHGDH	2	19	28	99525	0.0003	0.2631	0.0000	0.7143	1.0115
O43683	BUB1	5	42	28	99525	0.0003	0.4896	0.0000	0.0000	1.0357
O43924	PDE6D	1	10	28	99525	0.0003	0.3366	0.0000	0.7143	1.0136
O60331	PIP5K1C	1	10	28	99525	0.0003	0.4343	0.0000	0.0000	1.0348
O94782	USP1	2	12	28	99525	0.0003	0.7062	0.0000	0.0000	1.0090
O94806	PRKD3	4	30	28	99525	0.0003	0.5139	0.0000	0.0000	1.0029
P00746	CFD	1	5	28	99525	0.0003	0.3997	0.0000	0.0000	1.0367
P00751	CFB	5	38	28	99525	0.0003	0.5672	0.0000	0.0000	1.0286
P09467	FBP1	3	25	28	99525	0.0003	0.7135	3.5714	1.4286	0.9830
P11766	ADH5	2	20	28	99525	0.0003	0.2338	0.0000	0.0000	1.0360
P13995	MTHFD2	5	41	28	99525	0.0003	0.4967	0.0000	0.0000	1.0161
P15086	CPB1	1	5	28	99525	0.0003	0.4317	0.0000	0.7143	1.0072
P15428	HPGD	2	20	28	99525	0.0003	0.6531	0.0000	0.7143	1.0043
P15559	NQO1	1	9	28	99525	0.0003	0.4759	0.0000	0.7143	1.0267
P16455	MGMT	1	10	28	99525	0.0003	0.3254	0.0000	0.0000	1.0274
P18054	ALOX12	4	38	28	99525	0.0003	0.5314	0.0000	0.0000	1.0346
P18858	LIG1	2	19	28	99525	0.0003	0.5868	0.0000	0.0000	1.0235
P20839	IMPDH1	3	30	28	99525	0.0003	0.5446	0.0000	0.0000	1.0350
P22736	NR4A1	4	15	28	99525	0.0003	0.4090	0.0000	0.7143	1.0085
P22888	LHCGR	3	27	28	99525	0.0003	0.4223	0.0000	0.0000	1.0338
P29122	PCSK6	2	7	28	99525	0.0003	0.2950	0.0000	0.0000	1.0366
P41279	MAP3K8	4	20	28	99525	0.0003	0.5706	0.0000	0.0000	1.0305
P46092	CCR10	2	14	28	99525	0.0003	0.4965	0.0000	0.7143	1.0104
P47712	PLA2G4A	2	19	28	99525	0.0003	0.6920	0.0000	0.7143	0.9956
P48775	TDO2	4	36	28	99525	0.0003	0.5699	0.0000	1.4286	0.9731
P53355	DAPK1	5	30	28	99525	0.0003	0.4612	0.0000	0.7143	1.0171
Q12879	GRIN2A	10	92	28	99525	0.0003	0.6316	0.0000	0.7143	0.9757
Q13418	ILK	7	57	28	99525	0.0003	0.4819	0.0000	0.0000	1.0043
Q13526	PIN1	1	5	28	99525	0.0003	0.5405	0.0000	0.7143	1.0078
Q16820	MEP1B	1	10	28	99525	0.0003	0.2651	0.0000	0.0000	1.0328
Q86W56	PARG	2	19	28	99525	0.0003	0.5420	0.0000	0.7143	1.0173
Q86WV6	STING1	2	17	28	99525	0.0003	0.3899	0.0000	0.7143	1.0168
Q8N884	CGAS	1	10	28	99525	0.0003	0.3567	0.0000	0.0000	1.0368
Q8TCT8	SPPL2A	3	27	28	99525	0.0003	0.3190	0.0000	0.0000	1.0341
Q969M7	UBE2F	1	2	28	99525	0.0003	0.4254	0.0000	0.0000	1.0226
Q96KB5	PBK	3	17	28	99525	0.0003	0.3482	0.0000	0.7143	1.0194
Q9C0B1	FTO	3	22	28	99525	0.0003	0.3487	0.0000	0.0000	1.0364
Q9UHH9	IP6K2	1	4	28	99525	0.0003	0.4481	0.0000	1.4286	1.0005
Q9Y251	HPSE	1	10	28	99525	0.0003	0.5041	0.0000	0.7143	1.0223
Q9Y4K4	MAP4K5	5	31	28	99525	0.0003	0.3833	0.0000	0.0000	1.0307
O00571	DDX3X	1	10	27	99525	0.0003	0.4829	0.0000	0.7407	1.0140
O15120	AGPAT2	2	18	27	99525	0.0003	0.8597	0.0000	5.1852	0.8522
O15121	DEGS1	2	19	27	99525	0.0003	0.5785	0.0000	1.4815	1.0132
O15294	OGT	3	26	27	99525	0.0003	0.3195	0.0000	0.0000	1.0243
O15427	SLC16A3	1	10	27	99525	0.0003	0.3518	0.0000	0.0000	1.0305
O60725	ICMT	2	16	27	99525	0.0003	0.6642	3.7037	2.2222	0.9669
O94966	USP19	1	8	27	99525	0.0003	0.4160	0.0000	0.0000	1.0341
O95352	ATG7	2	18	27	99525	0.0003	0.3372	3.7037	0.7407	1.0086
O95822	MLYCD	1	9	27	99525	0.0003	0.5354	0.0000	0.7407	1.0091
P07237	P4HB	3	28	27	99525	0.0003	0.8133	0.0000	5.1852	0.9006
P07288	KLK3	2	14	27	99525	0.0003	0.6603	0.0000	0.0000	1.0184
P09601	HMOX1	2	17	27	99525	0.0003	0.2909	0.0000	0.0000	1.0382
P10144	GZMB	1	5	27	99525	0.0003	0.7906	0.0000	0.0000	0.9784
P10619	CTSA	2	20	27	99525	0.0003	0.8300	14.8148	11.1111	0.7216
P13807	GYS1	3	29	27	99525	0.0003	0.3384	0.0000	0.0000	1.0341
P16662	UGT2B7	4	39	27	99525	0.0003	0.6012	0.0000	0.0000	1.0194
P21675	TAF1	3	26	27	99525	0.0003	0.7864	0.0000	1.4815	0.9454
P21912	SDHB	3	29	27	99525	0.0003	0.2937	0.0000	0.7407	1.0104
P22234	PAICS	1	9	27	99525	0.0003	0.4646	0.0000	1.4815	0.9989
P22460	KCNA5	1	10	27	99525	0.0003	0.5429	0.0000	0.0000	1.0367
P27707	DCK	2	18	27	99525	0.0003	0.4604	0.0000	0.0000	1.0346
P28161	GSTM2	2	18	27	99525	0.0003	0.3548	0.0000	0.7407	1.0174
P32754	HPD	2	15	27	99525	0.0003	0.2286	0.0000	0.0000	1.0381
P35790	CHKA	3	16	27	99525	0.0003	0.5283	0.0000	0.0000	1.0337
P40313	CTRL	1	9	27	99525	0.0003	0.5442	0.0000	0.7407	0.9978
P42345	MTOR	11	106	27	99525	0.0003	0.2975	0.0000	0.0000	1.0300
P43004	SLC1A2	5	42	27	99525	0.0003	0.5127	0.0000	0.0000	1.0032
P49354	FNTA	2	18	27	99525	0.0003	0.3676	0.0000	0.0000	1.0365
P49366	DHPS	2	20	27	99525	0.0003	0.5046	0.0000	0.0000	1.0360
P53396	ACLY	6	55	27	99525	0.0003	0.4517	0.0000	0.0000	1.0324
P53582	METAP1	1	9	27	99525	0.0003	0.4134	0.0000	0.0000	1.0267
P53609	PGGT1B	3	28	27	99525	0.0003	0.5364	0.0000	0.7407	1.0036
P54578	USP14	3	19	27	99525	0.0003	0.5575	0.0000	0.0000	1.0315
P62993	GRB2	2	14	27	99525	0.0003	0.6885	0.0000	0.7407	0.9957
P67870	CSNK2B	1	9	27	99525	0.0003	0.1962	0.0000	0.0000	1.0331
P78417	GSTO1	4	32	27	99525	0.0003	0.3997	0.0000	0.0000	1.0320
Q12908	SLC10A2	2	19	27	99525	0.0003	0.7149	11.1111	2.9630	0.9206
Q13191	CBLB	1	10	27	99525	0.0003	0.5367	3.7037	1.4815	0.9594
Q13510	ASAH1	3	30	27	99525	0.0003	0.3891	0.0000	0.7407	1.0227
Q14191	WRN	3	24	27	99525	0.0003	0.5259	3.7037	2.9630	0.9561
Q14534	SQLE	3	27	27	99525	0.0003	0.4674	0.0000	0.0000	1.0361
Q16518	RPE65	2	19	27	99525	0.0003	0.3062	0.0000	0.0000	1.0376
Q16740	CLPP	1	9	27	99525	0.0003	0.3937	0.0000	0.0000	1.0341
Q6GQQ9	OTUD7B	2	17	27	99525	0.0003	0.4352	0.0000	0.7407	1.0134
Q86SK9	SCD5	2	18	27	99525	0.0003	0.3548	0.0000	0.0000	1.0383
Q8NI77	KIF18A	1	10	27	99525	0.0003	0.4035	0.0000	0.0000	1.0353
Q8TAF3	WDR48	1	9	27	99525	0.0003	0.2830	0.0000	0.0000	1.0385
Q8TDX5	ACMSD	1	8	27	99525	0.0003	0.4958	0.0000	0.0000	1.0187
Q8WXE1	ATRIP	2	18	27	99525	0.0003	0.4795	0.0000	1.4815	0.9807
Q96PD7	DGAT2	2	19	27	99525	0.0003	0.3145	0.0000	0.0000	1.0376
Q96T60	PNKP	1	9	27	99525	0.0003	0.3951	0.0000	1.4815	0.9977
Q99538	LGMN	4	37	27	99525	0.0003	0.6405	3.7037	2.9630	0.9463
Q9BPX1	HSD17B14	1	9	27	99525	0.0003	0.6222	0.0000	2.2222	0.9549
Q9BV86	NTMT1	3	24	27	99525	0.0003	0.3715	7.4074	2.2222	0.9660
Q9BW60	ELOVL1	1	8	27	99525	0.0003	0.2366	0.0000	0.0000	1.0263
Q9BZJ3	TPSD1	2	17	27	99525	0.0003	0.3313	0.0000	0.0000	1.0330
Q9H7Z7	PTGES2	1	10	27	99525	0.0003	0.4119	0.0000	0.0000	1.0380
Q9HBH1	PDF	1	10	27	99525	0.0003	0.3899	0.0000	0.0000	1.0369
Q9HCE7	SMURF1	4	39	27	99525	0.0003	0.6916	14.8148	4.4444	0.8781
Q9NR19	ACSS2	1	9	27	99525	0.0003	0.5859	0.0000	0.0000	1.0254
Q9NR22	PRMT8	2	13	27	99525	0.0003	0.6608	0.0000	0.0000	1.0053
Q9NUW8	TDP1	2	11	27	99525	0.0003	0.5252	0.0000	0.0000	1.0182
Q9NY59	SMPD3	2	20	27	99525	0.0003	0.4150	0.0000	0.7407	1.0114
Q9Y6L6	SLCO1B1	4	37	27	99525	0.0003	0.6268	0.0000	0.0000	1.0126
O00238	BMPR1B	3	15	26	99525	0.0003	0.5403	0.0000	0.7692	1.0002
O43526	KCNQ2	1	9	26	99525	0.0003	0.4405	0.0000	0.0000	1.0394
P01111	NRAS	1	1	26	99525	0.0003	0.5473	0.0000	0.0000	1.0288
P12271	RLBP1	2	11	26	99525	0.0003	0.4040	0.0000	0.0000	1.0391
P13569	CFTR	8	70	26	99525	0.0003	0.5243	0.0000	0.0000	1.0290
P14679	TYR	5	48	26	99525	0.0003	0.3449	0.0000	0.0000	1.0400
P21964	COMT	3	17	26	99525	0.0003	0.4630	0.0000	0.0000	1.0365
P48426	PIP4K2A	2	19	26	99525	0.0003	0.2342	0.0000	0.7692	1.0253
P51575	P2RX1	1	8	26	99525	0.0003	0.6401	0.0000	0.0000	0.9961
P54764	EPHA4	4	20	26	99525	0.0003	0.3734	0.0000	0.7692	1.0178
Q5XXA6	ANO1	6	55	26	99525	0.0003	0.6776	0.0000	3.0769	0.9730
Q8IYT8	ULK2	4	27	26	99525	0.0003	0.3747	0.0000	0.0000	1.0296
Q8N4C8	MINK1	6	42	26	99525	0.0003	0.5091	0.0000	1.5385	1.0055
Q8N5S9	CAMKK1	3	19	26	99525	0.0003	0.4499	0.0000	1.5385	0.9860
Q9UL62	TRPC5	3	27	26	99525	0.0003	0.5236	3.8462	2.3077	0.9634
O00206	TLR4	1	10	25	99525	0.0003	0.4823	0.0000	0.0000	1.0412
O15554	KCNN4	4	27	25	99525	0.0003	0.5027	0.0000	0.0000	1.0392
O60911	CTSV	2	18	25	99525	0.0003	0.5834	0.0000	0.8000	0.9816
P14222	PRF1	1	10	25	99525	0.0003	0.4959	0.0000	0.0000	1.0416
P37088	SCNN1A	2	17	25	99525	0.0003	0.4646	0.0000	0.0000	1.0415
P48549	KCNJ3	1	10	25	99525	0.0003	0.7475	0.0000	2.4000	0.9577
P49019	HCAR3	5	31	25	99525	0.0003	0.5538	0.0000	0.0000	1.0216
Q01432	AMPD3	8	67	25	99525	0.0003	0.4406	0.0000	0.8000	1.0114
Q02641	CACNB1	2	19	25	99525	0.0003	0.5922	0.0000	3.2000	0.9548
Q05586	GRIN1	4	36	25	99525	0.0003	0.5855	0.0000	0.0000	1.0150
Q05940	SLC18A2	3	25	25	99525	0.0003	0.6439	0.0000	2.4000	0.9762
Q15399	TLR1	1	8	25	99525	0.0003	0.5228	0.0000	0.8000	1.0170
Q16513	PKN2	4	25	25	99525	0.0003	0.3552	0.0000	0.8000	1.0179
Q16572	SLC18A3	3	29	25	99525	0.0003	0.5729	0.0000	4.0000	0.9245
Q16877	PFKFB4	4	24	25	99525	0.0003	0.5669	0.0000	2.4000	0.9747
Q99594	TEAD3	1	2	25	99525	0.0003	0.3172	0.0000	0.0000	1.0407
Q9NZQ8	TRPM5	2	17	25	99525	0.0003	0.7122	4.0000	6.4000	0.8831
Q9Y6K0	CEPT1	4	32	25	99525	0.0003	0.4560	0.0000	0.8000	1.0116
O15244	SLC22A2	4	33	24	99525	0.0002	0.4734	0.0000	0.0000	1.0264
P10696	ALPG	1	9	24	99525	0.0002	0.4967	0.0000	0.0000	1.0393
P14735	IDE	5	39	24	99525	0.0002	0.4703	0.0000	0.0000	1.0363
P19971	TYMP	3	17	24	99525	0.0002	0.6221	0.0000	0.8333	0.9828
P29376	LTK	3	18	24	99525	0.0002	0.4448	0.0000	2.5000	0.9473
P38919	EIF4A3	1	9	24	99525	0.0002	0.8146	0.0000	1.6667	0.9114
P41252	IARS1	4	36	24	99525	0.0002	0.6458	0.0000	0.8333	0.9867
Q7KZI7	MARK2	4	34	24	99525	0.0002	0.3849	0.0000	0.0000	1.0413
Q86Z02	HIPK1	4	22	24	99525	0.0002	0.3961	0.0000	0.8333	1.0252
Q8NE63	HIPK4	3	24	24	99525	0.0002	0.5095	4.1667	0.8333	0.9888
Q9H5J4	ELOVL6	1	10	24	99525	0.0002	0.7431	8.3333	2.5000	0.9204
Q9NXA8	SIRT5	2	12	24	99525	0.0002	0.3597	0.0000	0.0000	1.0425
Q9NXG6	P4HTM	3	29	24	99525	0.0002	0.3218	0.0000	0.0000	1.0432
Q9UL51	HCN2	7	59	24	99525	0.0002	0.6262	4.1667	0.8333	0.9788
O15197	EPHB6	5	31	23	99525	0.0002	0.4484	0.0000	0.0000	1.0131
O75716	STK16	4	20	23	99525	0.0002	0.5200	0.0000	0.0000	1.0357
P08514	ITGA2B	5	47	23	99525	0.0002	0.7186	0.0000	6.0870	0.8639
P36507	MAP2K2	7	36	23	99525	0.0002	0.4929	0.0000	1.7391	0.9878
P41440	SLC19A1	3	27	23	99525	0.0002	0.4431	0.0000	0.0000	1.0341
P41743	PRKCI	6	29	23	99525	0.0002	0.3449	0.0000	0.0000	1.0340
P43003	SLC1A3	4	33	23	99525	0.0002	0.4704	0.0000	0.0000	1.0396
P54753	EPHB3	7	30	23	99525	0.0002	0.5007	0.0000	0.0000	1.0354
Q01718	MC2R	3	23	23	99525	0.0002	0.3364	0.0000	0.0000	1.0423
Q9BQI3	EIF2AK1	6	31	23	99525	0.0002	0.2972	0.0000	0.0000	1.0409
Q9H093	NUAK2	3	15	23	99525	0.0002	0.4766	0.0000	0.0000	1.0384
Q9UK32	RPS6KA6	9	52	23	99525	0.0002	0.3465	0.0000	0.0000	1.0431
Q9Y2K7	KDM2A	4	37	23	99525	0.0002	0.5631	0.0000	0.0000	1.0247
O43283	MAP3K13	5	32	22	99525	0.0002	0.3918	0.0000	0.0000	1.0404
P07332	FES	6	43	22	99525	0.0002	0.4548	0.0000	0.0000	1.0467
P17538	CTRB1	3	24	22	99525	0.0002	0.6310	0.0000	0.0000	1.0173
P51570	GALK1	1	10	22	99525	0.0002	0.3012	0.0000	0.0000	1.0459
P53985	SLC16A1	2	14	22	99525	0.0002	0.6821	0.0000	2.7273	0.9209
Q9NPD5	SLCO1B3	3	25	22	99525	0.0002	0.4933	0.0000	0.9091	1.0047
Q9UQ88	CDK11A	4	22	22	99525	0.0002	0.4906	4.5455	0.9091	0.9996
P15085	CPA1	2	18	21	99525	0.0002	0.6451	0.0000	1.9048	0.9498
P18669	PGAM1	1	7	21	99525	0.0002	0.5536	0.0000	0.0000	1.0353
P29320	EPHA3	7	45	21	99525	0.0002	0.4923	4.7619	0.9524	0.9896
P30550	GRPR	3	20	21	99525	0.0002	0.8328	33.3333	11.4286	0.5582
P30838	ALDH3A1	3	20	21	99525	0.0002	0.4461	0.0000	0.0000	1.0494
P49327	FASN	13	118	21	99525	0.0002	0.1379	0.0000	0.0000	1.0380
P51692	STAT5B	2	19	21	99525	0.0002	0.5019	0.0000	0.0000	1.0237
P52895	AKR1C2	3	29	21	99525	0.0002	0.7054	14.2857	5.7143	0.7772
P54289	CACNA2D1	5	46	21	99525	0.0002	0.3713	4.7619	0.9524	0.9952
P78362	SRPK2	1	9	21	99525	0.0002	0.4607	0.0000	0.0000	1.0324
Q04828	AKR1C1	1	10	21	99525	0.0002	0.4524	4.7619	0.9524	0.9892
Q07075	ENPEP	3	25	21	99525	0.0002	0.7338	4.7619	2.8571	0.9309
Q92993	KAT5	3	27	21	99525	0.0002	0.5090	0.0000	0.0000	1.0424
Q9UPC5	GPR34	5	29	21	99525	0.0002	0.5220	0.0000	0.9524	0.9988
Q9Y6E0	STK24	6	25	21	99525	0.0002	0.4195	0.0000	0.0000	1.0422
O60658	PDE8A	4	23	20	99525	0.0002	0.4647	0.0000	0.0000	1.0305
O60741	HCN1	2	15	20	99525	0.0002	0.7209	0.0000	0.0000	1.0243
P01112	HRAS	3	7	20	99525	0.0002	0.5947	5.0000	1.0000	0.9828
P31939	ATIC	2	17	20	99525	0.0002	0.4948	0.0000	0.0000	1.0448
P43005	SLC1A1	3	28	20	99525	0.0002	0.4196	0.0000	0.0000	1.0407
P48764	SLC9A3	3	28	20	99525	0.0002	0.3545	0.0000	0.0000	1.0504
P50336	PPOX	5	40	20	99525	0.0002	0.3697	0.0000	0.0000	1.0526
Q5S007	LRRK2	4	37	20	99525	0.0002	0.4878	0.0000	0.0000	1.0229
Q6PCB7	SLC27A1	3	25	20	99525	0.0002	0.7692	0.0000	6.0000	0.8319
Q7L7X3	TAOK1	4	21	20	99525	0.0002	0.5162	0.0000	0.0000	1.0449
Q86XE5	HOGA1	2	20	20	99525	0.0002	0.4340	0.0000	1.0000	1.0213
Q8TD08	MAPK15	3	21	20	99525	0.0002	0.4954	0.0000	1.0000	1.0062
Q99895	CTRC	2	18	20	99525	0.0002	0.4857	0.0000	0.0000	1.0404
Q9P289	STK26	4	23	20	99525	0.0002	0.4128	0.0000	0.0000	1.0516
Q9Y5X4	NR2E3	5	34	20	99525	0.0002	0.6059	0.0000	1.0000	1.0044
O94921	CDK14	1	10	19	99525	0.0002	0.4598	0.0000	1.0526	0.9968
P11172	UMPS	5	41	19	99525	0.0002	0.4760	0.0000	0.0000	1.0445
P21709	EPHA1	6	28	19	99525	0.0002	0.3711	0.0000	0.0000	1.0536
P26639	TARS1	1	9	19	99525	0.0002	0.5840	0.0000	0.0000	1.0208
P29322	EPHA8	6	47	19	99525	0.0002	0.4562	0.0000	1.0526	1.0040
P29474	NOS3	6	52	19	99525	0.0002	0.4069	0.0000	0.0000	1.0484
P32297	CHRNA3	3	24	19	99525	0.0002	0.5494	0.0000	1.0526	1.0147
P35590	TIE1	8	63	19	99525	0.0002	0.5088	0.0000	0.0000	1.0097
P55211	CASP9	1	8	19	99525	0.0002	0.5421	0.0000	0.0000	1.0329
Q13563	PKD2	3	27	19	99525	0.0002	0.4662	0.0000	0.0000	1.0534
Q6P6C2	ALKBH5	1	10	19	99525	0.0002	0.5044	5.2632	4.2105	0.8515
Q96P20	NLRP3	2	19	19	99525	0.0002	0.4305	0.0000	0.0000	1.0529
Q96PH1	NOX5	7	60	19	99525	0.0002	0.4210	0.0000	0.0000	1.0244
Q96SW2	CRBN	3	29	19	99525	0.0002	0.3752	0.0000	0.0000	1.0447
Q9BXC1	GPR174	6	23	19	99525	0.0002	0.5099	0.0000	2.1053	0.9315
Q9H2K8	TAOK3	6	32	19	99525	0.0002	0.5223	0.0000	1.0526	0.9924
Q9UGI6	KCNN3	2	19	19	99525	0.0002	0.5810	10.5263	3.1579	0.8905
Q9UHP3	USP25	1	9	19	99525	0.0002	0.4132	0.0000	2.1053	0.9978
Q9UIK4	DAPK2	4	23	19	99525	0.0002	0.3923	0.0000	0.0000	1.0542
Q9Y2U5	MAP3K2	3	14	19	99525	0.0002	0.5717	0.0000	0.0000	1.0260
O14843	FFAR3	2	8	18	99525	0.0002	0.3899	0.0000	0.0000	1.0522
P05413	FABP3	2	12	18	99525	0.0002	0.3585	0.0000	0.0000	1.0541
P08648	ITGA5	7	59	18	99525	0.0002	0.4729	0.0000	0.0000	1.0349
P0C869	PLA2G4B	6	45	18	99525	0.0002	0.4643	0.0000	0.0000	1.0115
P36894	BMPR1A	4	27	18	99525	0.0002	0.4179	0.0000	1.1111	1.0001
P52789	HK2	1	10	18	99525	0.0002	0.8324	5.5556	5.5556	0.7631
Q16654	PDK4	3	24	18	99525	0.0002	0.5682	0.0000	1.1111	1.0014
Q96Q83	ALKBH3	2	13	18	99525	0.0002	0.2228	0.0000	0.0000	1.0589
Q9HBX9	RXFP1	2	19	18	99525	0.0002	0.5142	0.0000	0.0000	1.0170
Q9Y239	NOD1	3	29	18	99525	0.0002	0.4027	0.0000	1.1111	1.0011
O75475	PSIP1	3	14	17	99525	0.0002	0.6207	0.0000	1.1765	1.0031
P04839	CYBB	7	61	17	99525	0.0002	0.5237	0.0000	1.1765	0.9983
P10253	GAA	3	28	17	99525	0.0002	0.6776	5.8824	1.1765	0.9679
P19634	SLC9A1	5	48	17	99525	0.0002	0.5893	0.0000	1.1765	0.9659
P20273	CD22	1	10	17	99525	0.0002	0.5913	5.8824	2.3529	0.9487
P49116	NR2C2	2	3	17	99525	0.0002	0.5396	0.0000	3.5294	0.9523
Q00536	CDK16	4	29	17	99525	0.0002	0.4944	0.0000	0.0000	1.0347
Q01433	AMPD2	2	18	17	99525	0.0002	0.4570	5.8824	1.1765	0.9989
Q04844	CHRNE	1	7	17	99525	0.0002	0.3263	0.0000	0.0000	1.0622
Q13177	PAK2	7	35	17	99525	0.0002	0.3036	0.0000	0.0000	1.0624
Q15835	GRK1	5	32	17	99525	0.0002	0.3674	0.0000	0.0000	1.0587
Q86YT5	SLC13A5	2	16	17	99525	0.0002	0.7373	0.0000	3.5294	0.8731
Q96S37	SLC22A12	3	28	17	99525	0.0002	0.6300	0.0000	0.0000	1.0204
Q99808	SLC29A1	4	36	17	99525	0.0002	0.4134	0.0000	1.1765	0.9840
Q9Y345	SLC6A5	2	19	17	99525	0.0002	0.6640	0.0000	1.1765	0.9939
Q9Y5A9	YTHDF2	2	11	17	99525	0.0002	0.6940	0.0000	1.1765	0.9462
O00400	SLC33A1	4	36	16	99525	0.0002	0.4878	0.0000	1.2500	1.0162
O75747	PIK3C2G	11	91	16	99525	0.0002	0.5431	0.0000	1.2500	0.9466
O95436	SLC34A2	3	28	16	99525	0.0002	0.7201	0.0000	0.0000	1.0151
P30531	SLC6A1	3	28	16	99525	0.0002	0.4011	0.0000	0.0000	1.0245
P32418	SLC8A1	6	54	16	99525	0.0002	0.4734	0.0000	0.0000	1.0492
P35626	GRK3	4	34	16	99525	0.0002	0.7613	0.0000	2.5000	0.9514
P40818	USP8	4	37	16	99525	0.0002	0.4310	0.0000	0.0000	1.0640
P49281	SLC11A2	5	44	16	99525	0.0002	0.6976	0.0000	1.2500	0.9434
P51878	CASP5	2	17	16	99525	0.0002	0.4601	6.2500	2.5000	0.8973
Q02779	MAP3K10	6	39	16	99525	0.0002	0.4673	0.0000	0.0000	1.0515
Q06495	SLC34A1	5	39	16	99525	0.0002	0.5540	0.0000	2.5000	0.9403
Q13237	PRKG2	4	36	16	99525	0.0002	0.5855	0.0000	1.2500	0.9833
Q14145	KEAP1	2	17	16	99525	0.0002	0.3977	0.0000	0.0000	1.0658
Q14703	MBTPS1	7	64	16	99525	0.0002	0.2773	0.0000	0.0000	1.0667
Q14973	SLC10A1	3	26	16	99525	0.0002	0.5265	6.2500	5.0000	0.8404
Q460N3	PARP15	5	29	16	99525	0.0002	0.3941	0.0000	0.0000	1.0652
Q6PHR2	ULK3	4	22	16	99525	0.0002	0.4457	0.0000	0.0000	1.0523
Q96L34	MARK4	2	14	16	99525	0.0002	0.4288	0.0000	0.0000	1.0652
Q99884	SLC6A7	3	28	16	99525	0.0002	0.5925	0.0000	0.0000	1.0491
Q9H1R3	MYLK2	3	13	16	99525	0.0002	0.4855	0.0000	0.0000	1.0170
Q9H2X9	SLC12A5	5	48	16	99525	0.0002	0.8434	6.2500	3.7500	0.6948
Q9H3Y6	SRMS	6	26	16	99525	0.0002	0.3061	0.0000	0.0000	1.0505
Q9H7Z6	KAT8	2	18	16	99525	0.0002	0.3715	0.0000	0.0000	1.0666
Q9NRM0	SLC2A9	4	39	16	99525	0.0002	0.4833	6.2500	2.5000	0.9240
Q9NY91	SLC5A4	5	43	16	99525	0.0002	0.5619	0.0000	0.0000	1.0513
Q9UBE8	NLK	8	52	16	99525	0.0002	0.4735	0.0000	0.0000	1.0259
O00142	TK2	2	18	15	99525	0.0002	0.5699	0.0000	0.0000	1.0608
O14936	CASK	4	23	15	99525	0.0002	0.5162	0.0000	1.3333	0.9978
O15146	MUSK	6	42	15	99525	0.0002	0.5425	0.0000	0.0000	1.0307
O43603	GALR2	5	31	15	99525	0.0002	0.4162	0.0000	0.0000	1.0473
P07202	TPO	6	55	15	99525	0.0002	0.5396	6.6667	1.3333	0.9895
P0DJD9	PGA5	2	19	15	99525	0.0002	0.7595	0.0000	2.6667	0.9197
P17342	NPR3	1	10	15	99525	0.0002	0.6348	0.0000	0.0000	0.9612
P17405	SMPD1	2	17	15	99525	0.0002	0.4730	0.0000	0.0000	1.0394
P48546	GIPR	2	11	15	99525	0.0002	0.4678	0.0000	1.3333	1.0296
P49662	CASP4	1	10	15	99525	0.0002	0.4616	0.0000	0.0000	1.0084
P51160	PDE6C	4	35	15	99525	0.0002	0.5006	0.0000	0.0000	1.0314
P54829	PTPN5	3	20	15	99525	0.0002	0.4693	0.0000	1.3333	1.0063
Q14393	GAS6	2	19	15	99525	0.0002	0.4648	0.0000	0.0000	1.0461
Q6P179	ERAP2	4	33	15	99525	0.0002	0.5294	0.0000	0.0000	1.0574
Q8NCG7	DAGLB	3	30	15	99525	0.0002	0.3518	0.0000	0.0000	1.0610
Q8TDR2	STK35	10	48	15	99525	0.0002	0.4447	0.0000	1.3333	0.9752
Q8WTQ7	GRK7	2	14	15	99525	0.0002	0.3101	0.0000	0.0000	1.0696
Q92800	EZH1	4	35	15	99525	0.0002	0.5266	0.0000	0.0000	1.0061
Q92876	KLK6	3	24	15	99525	0.0002	0.3580	0.0000	0.0000	1.0414
Q9C098	DCLK3	5	22	15	99525	0.0002	0.4131	0.0000	1.3333	1.0239
Q9UHC9	NPC1L1	9	73	15	99525	0.0002	0.7990	0.0000	1.3333	0.8365
B2RXH2	KDM4E	1	10	14	99525	0.0001	0.5843	0.0000	0.0000	1.0614
O00222	GRM8	5	42	14	99525	0.0001	0.5568	0.0000	1.4286	0.9468
O75914	PAK3	6	33	14	99525	0.0001	0.4668	0.0000	1.4286	0.9938
P0DMS9	TMIGD3	1	4	14	99525	0.0001	0.5587	0.0000	0.0000	1.0605
P15907	ST6GAL1	1	7	14	99525	0.0001	0.3699	0.0000	0.0000	1.0770
P28472	GABRB3	1	10	14	99525	0.0001	0.6807	7.1429	4.2857	0.8171
P29350	PTPN6	2	19	14	99525	0.0001	0.3922	0.0000	0.0000	1.0762
P32298	GRK4	4	33	14	99525	0.0001	0.4974	0.0000	0.0000	1.0658
P53041	PPP5C	1	10	14	99525	0.0001	0.7379	7.1429	4.2857	0.7790
P78368	CSNK1G2	5	23	14	99525	0.0001	0.3965	0.0000	0.0000	1.0712
Q00537	CDK17	4	28	14	99525	0.0001	0.4443	7.1429	1.4286	0.9620
Q12791	KCNMA1	12	108	14	99525	0.0001	0.6956	0.0000	0.0000	1.0018
Q92843	BCL2L2	2	15	14	99525	0.0001	0.5156	0.0000	0.0000	1.0004
Q96PC2	IP6K3	3	24	14	99525	0.0001	0.3756	0.0000	0.0000	1.0702
Q99755	PIP5K1A	1	8	14	99525	0.0001	0.4831	0.0000	1.4286	0.9870
Q99759	MAP3K3	3	19	14	99525	0.0001	0.4786	0.0000	0.0000	1.0713
Q9BSW2	CRACR2A	2	20	14	99525	0.0001	0.6718	0.0000	1.4286	1.0141
Q9BXA7	TSSK1B	4	17	14	99525	0.0001	0.5558	0.0000	0.0000	1.0204
Q9Y3Q0	NAALAD2	3	23	14	99525	0.0001	0.4019	0.0000	0.0000	1.0726
Q9Y6F1	PARP3	4	29	14	99525	0.0001	0.4752	0.0000	0.0000	1.0714
O00506	STK25	4	29	13	99525	0.0001	0.3048	0.0000	0.0000	1.0832
O15393	TMPRSS2	2	14	13	99525	0.0001	0.6710	7.6923	3.0769	0.9067
O15540	FABP7	1	9	13	99525	0.0001	0.5851	0.0000	0.0000	1.0220
O95696	BRD1	4	39	13	99525	0.0001	0.4584	0.0000	0.0000	1.0794
P04746	AMY2A	3	22	13	99525	0.0001	0.1478	0.0000	0.0000	1.0829
P08263	GSTA1	1	8	13	99525	0.0001	0.3260	0.0000	0.0000	1.0698
P12955	PEPD	3	29	13	99525	0.0001	0.8743	0.0000	10.7692	0.5301
P14598	NCF1	1	10	13	99525	0.0001	0.8113	30.7692	9.2308	0.4553
P15735	PHKG2	4	20	13	99525	0.0001	0.4035	0.0000	0.0000	1.0778
P27037	ACVR2A	4	27	13	99525	0.0001	0.5008	0.0000	0.0000	1.0304
P46095	GPR6	6	28	13	99525	0.0001	0.5470	0.0000	0.0000	1.0118
P56696	KCNQ4	3	22	13	99525	0.0001	0.5257	0.0000	0.0000	1.0484
Q08209	PPP3CA	4	32	13	99525	0.0001	0.5173	0.0000	0.0000	1.0633
Q13509	TUBB3	2	20	13	99525	0.0001	0.4332	0.0000	1.5385	1.0004
Q13555	CAMK2G	4	27	13	99525	0.0001	0.4497	0.0000	0.0000	1.0600
Q16816	PHKG1	6	32	13	99525	0.0001	0.4438	0.0000	0.0000	1.0487
Q32MK0	MYLK3	5	27	13	99525	0.0001	0.5589	0.0000	0.0000	1.0203
Q9H1D0	TRPV6	4	36	13	99525	0.0001	0.9214	30.7692	12.3077	0.1770
Q9H2S1	KCNN2	1	10	13	99525	0.0001	0.5124	0.0000	1.5385	0.9601
Q9NPI1	BRD7	2	14	13	99525	0.0001	0.5651	0.0000	0.0000	1.0120
Q9NZK7	PLA2G2E	1	10	13	99525	0.0001	0.5542	7.6923	1.5385	0.9346
Q9P0G3	KLK14	4	35	13	99525	0.0001	0.4386	0.0000	0.0000	1.0551
Q9UF33	EPHA6	5	30	13	99525	0.0001	0.5195	0.0000	1.5385	0.9802
Q9Y657	SPIN1	2	18	13	99525	0.0001	0.5234	0.0000	1.5385	0.9560
O15270	SPTLC2	2	18	12	99525	0.0001	0.8442	0.0000	1.6667	0.9027
O15357	INPPL1	5	47	12	99525	0.0001	0.7076	0.0000	8.3333	0.6732
P07686	HEXB	3	19	12	99525	0.0001	0.2853	0.0000	0.0000	1.0902
P09038	FGF2	1	2	12	99525	0.0001	0.3555	0.0000	0.0000	1.0910
P11142	HSPA8	3	29	12	99525	0.0001	0.3745	0.0000	0.0000	1.0827
P11274	BCR	1	10	12	99525	0.0001	0.3967	0.0000	0.0000	1.0887
P12644	BMP4	2	14	12	99525	0.0001	0.3007	0.0000	0.0000	1.0906
P54762	EPHB1	5	35	12	99525	0.0001	0.5278	0.0000	1.6667	1.0178
Q05932	FPGS	3	28	12	99525	0.0001	0.7662	8.3333	6.6667	0.6290
Q13094	LCP2	1	9	12	99525	0.0001	0.4574	0.0000	0.0000	1.0774
Q15369	ELOC	1	9	12	99525	0.0001	0.4082	0.0000	0.0000	1.0896
Q15392	DHCR24	5	47	12	99525	0.0001	0.3954	0.0000	0.0000	1.0897
Q16651	PRSS8	1	5	12	99525	0.0001	0.3521	0.0000	0.0000	1.0725
Q6PIU2	NCEH1	2	19	12	99525	0.0001	0.3655	0.0000	0.0000	1.0703
Q86YV6	MYLK4	4	23	12	99525	0.0001	0.3635	0.0000	0.0000	1.0893
Q8N474	SFRP1	1	8	12	99525	0.0001	0.5097	0.0000	1.6667	1.0255
Q96PY6	NEK1	6	38	12	99525	0.0001	0.4172	0.0000	0.0000	0.9926
Q9NQU5	PAK6	3	16	12	99525	0.0001	0.3565	0.0000	0.0000	1.0392
Q9UEW8	STK39	5	22	12	99525	0.0001	0.4505	0.0000	0.0000	1.0490
Q9UHC3	ASIC3	3	29	12	99525	0.0001	0.5272	0.0000	0.0000	1.0120
Q9UNK4	PLA2G2D	1	5	12	99525	0.0001	0.3356	0.0000	0.0000	1.0910
Q9UPE1	SRPK3	2	14	12	99525	0.0001	0.4378	0.0000	0.0000	1.0605
Q9UPP1	PHF8	1	8	12	99525	0.0001	0.6218	0.0000	0.0000	1.0763
Q9UPY5	SLC7A11	3	28	12	99525	0.0001	0.7122	0.0000	0.0000	1.0375
Q9Y6K1	DNMT3A	5	48	12	99525	0.0001	0.3150	0.0000	0.0000	1.0751
O60825	PFKFB2	5	45	11	99525	0.0001	0.4784	0.0000	0.0000	1.0999
O60894	RAMP1	1	10	11	99525	0.0001	0.3511	0.0000	0.0000	1.0990
P09884	POLA1	5	47	11	99525	0.0001	0.5897	0.0000	0.0000	1.0929
P11021	HSPA5	3	29	11	99525	0.0001	0.4757	0.0000	0.0000	1.0920
P16278	GLB1	1	7	11	99525	0.0001	0.4332	0.0000	0.0000	1.0932
P17707	AMD1	1	10	11	99525	0.0001	0.4988	0.0000	0.0000	1.0922
P19367	HK1	1	8	11	99525	0.0001	0.7813	0.0000	10.9091	0.4464
P30613	PKLR	2	19	11	99525	0.0001	0.6062	0.0000	1.8182	0.9341
P35558	PCK1	3	25	11	99525	0.0001	0.3602	0.0000	0.0000	1.0898
P46734	MAP2K3	4	27	11	99525	0.0001	0.5470	0.0000	0.0000	1.0925
P49789	FHIT	1	9	11	99525	0.0001	0.6855	0.0000	0.0000	1.0273
P51817	PRKX	4	29	11	99525	0.0001	0.5827	0.0000	0.0000	1.0311
P54756	EPHA5	5	27	11	99525	0.0001	0.4888	0.0000	0.0000	1.0986
P57078	RIPK4	3	12	11	99525	0.0001	0.4636	0.0000	0.0000	1.0520
P78325	ADAM8	1	10	11	99525	0.0001	0.7832	0.0000	7.2727	0.6280
Q00526	CDK3	3	24	11	99525	0.0001	0.5865	0.0000	0.0000	0.9724
Q09013	DMPK	5	30	11	99525	0.0001	0.4470	9.0909	1.8182	0.8966
Q09327	MGAT3	1	9	11	99525	0.0001	0.5522	0.0000	1.8182	0.9980
Q15375	EPHA7	4	32	11	99525	0.0001	0.2976	0.0000	0.0000	1.1000
Q4J6C6	PREPL	2	19	11	99525	0.0001	0.4044	0.0000	0.0000	1.0929
Q6P1M0	SLC27A4	3	22	11	99525	0.0001	0.6871	0.0000	3.6364	0.8847
Q6XUX3	DSTYK	4	32	11	99525	0.0001	0.5554	0.0000	1.8182	0.9689
Q92772	CDKL2	5	32	11	99525	0.0001	0.3832	0.0000	0.0000	1.0874
Q96FJ0	STAMBPL1	1	9	11	99525	0.0001	0.2751	0.0000	0.0000	1.1001
Q99677	LPAR4	6	35	11	99525	0.0001	0.4950	0.0000	0.0000	1.0942
Q99714	HSD17B10	2	19	11	99525	0.0001	0.4999	0.0000	0.0000	1.0365
Q9BRS2	RIOK1	4	30	11	99525	0.0001	0.5597	0.0000	1.8182	0.9552
Q9BZ95	NSD3	10	77	11	99525	0.0001	0.4152	0.0000	0.0000	1.0724
Q9GZV3	SLC5A7	2	6	11	99525	0.0001	0.4983	9.0909	1.8182	0.8642
Q9GZZ1	NAA50	3	23	11	99525	0.0001	0.5505	0.0000	0.0000	1.0865
Q9HB89	NMUR1	3	24	11	99525	0.0001	0.7425	9.0909	5.4545	0.6321
Q9HC29	NOD2	3	28	11	99525	0.0001	0.3949	0.0000	0.0000	1.0986
Q9P2J5	LARS1	6	60	11	99525	0.0001	0.3308	0.0000	0.0000	1.0531
O00255	MEN1	1	7	10	99525	0.0001	0.5333	0.0000	2.0000	1.0259
O75493	CA11	2	20	10	99525	0.0001	0.1527	0.0000	0.0000	1.1110
O75608	LYPLA1	2	19	10	99525	0.0001	0.5395	0.0000	0.0000	1.1047
O95069	KCNK2	2	16	10	99525	0.0001	0.7021	0.0000	0.0000	1.0865
P01730	CD4	1	9	10	99525	0.0001	0.3692	0.0000	0.0000	1.1074
P04637	TP53	2	14	10	99525	0.0001	0.4261	0.0000	0.0000	1.1076
P07996	THBS1	5	39	10	99525	0.0001	0.2023	0.0000	0.0000	1.1112
P09086	POU2F2	1	10	10	99525	0.0001	0.5666	0.0000	0.0000	1.0947
P20142	PGC	2	20	10	99525	0.0001	0.5086	0.0000	2.0000	0.9312
P24468	NR2F2	5	32	10	99525	0.0001	0.5108	0.0000	2.0000	0.8390
P43657	LPAR6	6	34	10	99525	0.0001	0.4038	0.0000	0.0000	1.1092
P48052	CPA2	3	27	10	99525	0.0001	0.4138	0.0000	0.0000	1.0831
P51114	FXR1	2	18	10	99525	0.0001	0.3822	0.0000	0.0000	1.1078
P51512	MMP16	4	31	10	99525	0.0001	0.7208	0.0000	0.0000	1.0681
P54577	YARS1	3	29	10	99525	0.0001	0.6602	0.0000	0.0000	1.1048
P54707	ATP12A	4	34	10	99525	0.0001	0.7912	10.0000	2.0000	0.7877
P78356	PIP4K2B	1	10	10	99525	0.0001	0.5257	0.0000	0.0000	1.0976
Q05823	RNASEL	2	18	10	99525	0.0001	0.5010	0.0000	0.0000	1.0664
Q15116	PDCD1	1	8	10	99525	0.0001	0.6051	0.0000	0.0000	1.0337
Q16478	GRIK5	2	13	10	99525	0.0001	0.5990	0.0000	2.0000	0.9915
Q16658	FSCN1	1	4	10	99525	0.0001	0.4137	0.0000	0.0000	1.1111
Q49AN0	CRY2	4	36	10	99525	0.0001	0.5045	0.0000	0.0000	1.1096
Q8NG68	TTL	2	19	10	99525	0.0001	0.3676	0.0000	0.0000	1.0771
Q8NI60	COQ8A	5	46	10	99525	0.0001	0.6749	0.0000	2.0000	1.0185
Q8TDU9	RXFP4	2	13	10	99525	0.0001	0.4962	0.0000	0.0000	1.0845
Q8WZA2	RAPGEF4	3	29	10	99525	0.0001	0.5389	0.0000	0.0000	1.0464
Q96GG9	DCUN1D1	1	3	10	99525	0.0001	0.2593	0.0000	0.0000	1.1112
Q9BQB6	VKORC1	1	8	10	99525	0.0001	0.4223	0.0000	0.0000	1.1111
Q9BZ11	ADAM33	1	10	10	99525	0.0001	0.1473	0.0000	0.0000	1.1112
Q9GZQ4	NMUR2	6	44	10	99525	0.0001	0.5822	0.0000	4.0000	0.8416
Q9GZQ8	MAP1LC3B	1	9	10	99525	0.0001	0.5457	0.0000	0.0000	1.0782
Q9HBE4	IL21	2	16	10	99525	0.0001	0.4390	0.0000	2.0000	1.0127
Q9UBE0	SAE1	1	10	10	99525	0.0001	0.4296	0.0000	0.0000	1.1103
Q9UI42	CPA4	2	14	10	99525	0.0001	0.5708	10.0000	2.0000	0.8322
Q9Y4P1	ATG4B	1	10	10	99525	0.0001	0.5247	0.0000	0.0000	1.0025
Q9Y6M4	CSNK1G3	3	18	10	99525	0.0001	0.4963	0.0000	2.0000	0.9174
